薬品名,,棚番1,棚番2,棚番3,棚番4
２５ｍｇアリナミンＦ糖衣錠,内,,,,
２ｍｇセルシン錠,内,E19,,,
１０％サリチル酸ワセリン軟膏東豊,外,E8,,,
５％サリチル酸ワセリン軟膏東豊,外,,,,
５％ヒビテン液,外,D3,,,
ＡＴＰ腸溶錠２０ｍｇ「ＡＦＰ」,内,C17,,,
ＡＴＰ腸溶錠２０ｍｇ「第一三共」,内,C19,,,
ｄ－クロルフェニラミンマレイン酸塩錠２ｍｇ「武田テバ」,内,E18,,,
ＦＡＤ錠「１５」タツミ(１５ｍｇ),内,C19,,,
滅菌精製水160,,,,,
ＦＡＤ腸溶錠５ｍｇ「わかもと」,内,C19,,,
Ｌ－アスパラギン酸Ｃａ錠２００ｍｇ「サワイ」,内,C20,,,
Ｌ－アスパラギン酸Ｋ錠３００ｍｇ「アメル」,内,C20,,,
ｌ－メントール「ケンエー」,内,F,,,
ＡＺ点眼液０．０２％(５ｍＬ),外,E10,,,
ＭＳコンチン錠１０ｍｇ,内,E6,,,
ＭＳ温シップ「タイホウ」,外,G3,,,
ＰＬ配合顆粒,内,C11,,,
ＳＧ配合顆粒,内,C11,,,
ＭＳ温シップ「タカミツ」,外,,,,
アーガメイト２０％ゼリー２５ｇ,内,A4,,,
ＭＳ冷シップ「タカミツ」,外,G3,,,
アーチスト錠１０ｍｇ,内,C20,,,
ＳＰトローチ０．２５ｍｇ「明治」,外,C5,,,
アーチスト錠２．５ｍｇ,内,C20,,,
アイピーディカプセル１００(１００ｍｇ),内,C20,,,
アイミクス配合錠ＬＤ,内,E15,,,
アイファガン点眼液０．１％,外,E10,,,
アクアチムクリーム１％,外,C3,,,
アクトス錠１５(１５ｍｇ),内,C20,,,
アクトネル錠７５ｍｇ,内,E15,,,
アコファイド錠１００ｍｇ,内,C20,,,
アザニン錠５０ｍｇ,内,C20,,,
アザルフィジンＥＮ錠２５０ｍｇ,内,C20,,,
アクアチムローション１％,外,E4,,,
アザルフィジンＥＮ錠５００ｍｇ,内,C20,,,
アシクロビル錠２００ｍｇ「サワイ」,内,C20,,,
アジルバ錠１０ｍｇ,内,C20,,,
アジルバ錠２０ｍｇ,内,C20,,,
アジルバ錠４０ｍｇ,内,C20,,,
アスケート錠３００ｍｇ,内,C20,,,
アストミン錠１０ｍｇ,内,C20,,,
アスパラ－ＣＡ錠２００,内,C20,,,
アスパラカリウム散５０％,内,C10,,,
アクアチム軟膏１％,外,C3,,,
アスパラカリウム錠３００ｍｇ,内,C20,,,
アスピリン「ヨシダ」,内,C10,,,
アスベリンドライシロップ２％,内,E3,,,
アスベリン散１０％,内,E3,,,
アクトシン軟膏３％,外,F,,,
アスベリン錠２０(２０ｍｇ),内,C20,,,
アズレン・グルタミン配合細粒「ＥＭＥＣ」,内,E3,,,
アセトアミノフェン「ＪＧ」原末,内,E3,,,
アゾセミド錠３０ｍｇ「ＪＧ」,内,C20,,,
アスタットクリーム１％,外,C2,,,
アゾセミド錠６０ｍｇ「ＪＧ」,内,C20,,,
アダラートＣＲ錠２０ｍｇ,内,,,,
アタラックス－Ｐカプセル２５ｍｇ,内,C20,,,
アタラックス錠２５ｍｇ,内,C20,,,
アスタット軟膏１％,外,C2,,,
アズノールＳＴ錠口腔用５ｍｇ,外,C4,,,
アテノロール錠２５ｍｇ「トーワ」,内,C20,,,
アデホスコーワ腸溶錠２０(２０ｍｇ),内,,,,
アデホスコーワ腸溶錠６０(６０ｍｇ),内,C20,,,
アデホスコーワ顆粒１０％,内,E3,,,
アテレック錠１０(１０ｍｇ),内,C20,,,
アトーゼット配合錠ＬＤ,内,C20,,,
アドソルビン原末,内,C11,,,
アドナ錠３０ｍｇ,内,C20,,,
アズノールうがい液４％,外,C4,,,
アトルバスタチン錠１０ｍｇ「サワイ」,内,C20,,,
アトルバスタチン錠１０ｍｇ「日医工」,内,,,,
アズノール軟膏０．０３３％,外,C1,,,
アトルバスタチン錠５ｍｇ「ＥＥ」,内,C20,,,
アバプロ錠１００ｍｇ,内,C20,,,
アプレース錠１００ｍｇ,内,C20,,,
アセトアミノフェン坐剤小児用２００ｍｇ「ＪＧ」,外,F,,,
アベロックス錠４００ｍｇ,内,E15,,,
アデフロニックズポ１２．５(１２．５ｍｇ),外,F,,,
アボルブカプセル０．５ｍｇ,内,E15,,,
アマリール０．５ｍｇ錠,内,E15,,,
アマリール１ｍｇ錠,内,E15,,,
アマリール３ｍｇ錠,内,E15,,,
アマリールＯＤ錠１ｍｇ,内,E15,,,
アマルエット配合錠３番「サワイ」,内,E15,,,
アマンタジン塩酸塩錠５０ｍｇ「サワイ」,内,C20,,,
アミティーザカプセル２４μｇ,内,C20,,,
アミノレバンＥＮ配合散,内,A4,,,
アムバロ配合錠「ＥＥ」,内,E11,,,
アムロジピンＯＤ錠１０ｍｇ「あすか」,内,E14,,,
アムロジピンＯＤ錠２．５ｍｇ「あすか」,内,E14,,,
アムロジピンＯＤ錠５ｍｇ「ＥＭＥＣ」,内,E14,,,
アムロジピンＯＤ錠５ｍｇ「あすか」,内,E14,,,
アドエア１００ディスカス２８吸入用(２８ブリスター),外,E9,,,
アドエア２５０エアゾール１２０吸入用(１２．０ｇ),外,E9,,,
アドエア２５０ディスカス６０吸入用(６０ブリスター),外,E9,,,
アムロジピン錠２．５ｍｇ「あすか」,内,E14,,,
アムロジピン錠２．５ｍｇ「オーハラ」,内,E15,,,
アムロジピン錠５ｍｇ「あすか」,内,E14,,,
エタネルセプトＢＳ皮下注５０ｍｇペン１．０ｍＬ「ＭＡ」(１ｍＬ),注,F,,,
アムロジピン錠５ｍｇ「オーハラ」,内,E15,,,
アムロジンＯＤ錠２．５ｍｇ,内,E15,,,
アメナリーフ錠２００ｍｇ,内,,,,
レボフロキサシン点滴静注バッグ５００ｍｇ／１００ｍＬ「ＤＳＥＰ」,注,G1,,,
アモキシシリンカプセル２５０ｍｇ「トーワ」,内,C20,,,
アドフィードパップ４０ｍｇ(１０ｃｍ×１４ｃｍ),外,I4,,,
アモバン錠７．５(７．５ｍｇ),内,E19,,,
アモリン細粒１０％(１００ｍｇ),内,C10,,,
アリセプトＤ錠１０ｍｇ,内,E15,,,
アリセプトＤ錠３ｍｇ,内,E15,,,
アリセプトＤ錠５ｍｇ,内,E15,,,
アリピプラゾールＯＤ錠３ｍｇ「日医工」,内,E15,,,
アリミデックス錠１ｍｇ,内,E15,,,
アネトカインゼリー２％,外,A2,,,
アルジオキサ錠１００ｍｇ「あすか」,内,C20,,,
アルジオキサ顆粒５０％「あすか」,内,C10,,,
アフタゾロン口腔用軟膏０．１％,外,C6,,,
アフタッチ口腔用貼付剤２５μｇ,外,C6,,,
アルダクトンＡ錠２５ｍｇ,内,C20,,,
アルドメット錠２５０(２５０ｍｇ),内,C20,,,
アルファカルシドールカプセル０．２５μｇ「日医工」,内,E15,,,
アルファカルシドールカプセル０．５μｇ「日医工」,内,E15,,,
アルファカルシドールカプセル１μｇ「日医工」,内,E15,,,
アルファカルシドール錠０．２５μｇ「アメル」,内,,,,
アルファカルシドール錠０．５μｇ「アメル」,内,,,,
アルファロールカプセル０．５μｇ,内,E15,,,
アボコート軟膏０．１％,外,C2,,,
アルプラゾラム錠０．４ｍｇ「トーワ」,内,E19,,,
アレグラ錠６０ｍｇ,内,C12,,,
アレジオン錠２０(２０ｍｇ),内,C20,,,
アレビアチン錠１００ｍｇ,内,C20,,,
アレロックＯＤ錠５(５ｍｇ),内,C20,,,
アレロック錠５(５ｍｇ),内,E11,,,
アレロック顆粒０．５％,内,C11,,,
アレンドロン酸錠３５ｍｇ「ＤＫ」,内,E15,,,
アレンドロン酸錠３５ｍｇ「日医工」,内,,,,
アローゼン顆粒,内,E3,,,
アラセナ－Ａ軟膏３％,外,C2,,,
アロチノロール塩酸塩錠１０ｍｇ「サワイ」,内,C20,,,
アラミスト点鼻液２７．５μｇ１２０噴霧用(５ｍｇ１０ｇ),外,,,,
アロチノロール塩酸塩錠５ｍｇ「サワイ」,内,,,,
アラミスト点鼻液２７．５μｇ５６噴霧用(３ｍｇ６ｇ),外,E9,,,
アロプリノール錠１００ｍｇ「杏林」,内,C20,,,
アロプリノール錠５０ｍｇ「杏林」,内,C20,,,
アンプラーグ錠１００ｍｇ,内,C20,,,
アルキサ軟膏２％,外,C3,,,
アンブロキソール塩酸塩徐放ＯＤ錠４５ｍｇ「ＺＥ」,内,C20,,,
アンブロキソール塩酸塩徐放ＯＤ錠４５ｍｇ「サワイ」,内,C20,,,
アンブロキソール塩酸塩錠１５ｍｇ「トーワ」,内,C20,,,
イーケプラ錠２５０ｍｇ,内,C19,,,
イーケプラ錠５００ｍｇ,内,C19,,,
イーシー・ドパール配合錠,内,C19,,,
アルメタ軟膏(０．１％),外,C2,,,
イグザレルト錠１０ｍｇ,内,C19,,,
イグザレルト錠１５ｍｇ,内,C19,,,
アレサガテープ４ｍｇ,外,E5,,,
イコサペント酸エチルカプセル３００ｍｇ「サワイ」,内,C19,,,
イコサペント酸エチル粒状カプセル６００ｍｇ「サワイ」,内,E25,,,
イスコチン錠１００ｍｇ,内,C19,,,
イソコロナールＲカプセル２０ｍｇ,内,C19,,,
アレジオンＬＸ点眼液０．１％,外,E10,,,
イトラコナゾール錠２００「ＭＥＥＫ」(２００ｍｇ),内,C19,,,
イノラス配合経腸用液,内,,,,
イフェクサーＳＲカプセル３７．５ｍｇ,内,E15,,,
イフェクサーＳＲカプセル７５ｍｇ,内,,,,
イフェンプロジル酒石酸塩錠１０ｍｇ「日医工」,内,C19,,,
イフェンプロジル酒石酸塩錠２０ｍｇ「サワイ」,内,C19,,,
イブランスカプセル１２５ｍｇ,内,E15,,,
アレジオン点眼液０．０５％,外,E10,,,
イブランスカプセル２５ｍｇ,内,,,,
イミダプリル塩酸塩錠５ｍｇ「サワイ」,内,C19,,,
イムラン錠５０ｍｇ,内,C19,,,
イメンドカプセル８０ｍｇ,内,C19,,,
イリボー錠５μｇ,内,E15,,,
アンテベートローション０．０５％,外,E4,,,
イルアミクス配合錠ＨＤ「ＤＳＰＢ」,内,E15,,,
ビクトーザ皮下注１８ｍｇ(３ｍＬ),注,F,,,
アンテベート軟膏０．０５％,外,E8,,,
イルアミクス配合錠ＬＤ「ＤＳＰＢ」,内,E15,,,
イルソグラジンマレイン酸塩錠２ｍｇ「日医工」,内,C19,,,
アンヒバ坐剤小児用１００ｍｇ,外,F,,,
アンヒバ坐剤小児用２００ｍｇ,外,F,,,
イルベサルタン錠１００ｍｇ「ＤＳＰＢ」,内,C19,,,
インクレミンシロップ５％,内,D1,,,
アンフラベート０．０５％クリーム,外,E8,,,
インテバンＳＰ２５(２５ｍｇ),内,E15,,,
ウチダの八味丸Ｍ,内,A3,,,
ウブレチド錠５ｍｇ,内,E2,,,
ウラリット配合錠,内,C19,,,
アンフラベート０．０５％軟膏,外,G7,,,
ウリアデック錠２０ｍｇ,内,C19,,,
ウリアデック錠４０ｍｇ,内,C19,,,
ウルソデオキシコール酸錠１００ｍｇ「トーワ」,内,C19,,,
ウルソ錠１００ｍｇ,内,C19,,,
アンペック坐剤１０ｍｇ,外,E6,,,
イオウ・カンフルローション「東豊」,外,D1,,,
ウルソ錠５０ｍｇ,内,C19,,,
ノボラピッド注　フレックスタッチ(３００単位),注,F,,,
ウロカルン錠２２５ｍｇ,内,C19,,,
エクア錠５０ｍｇ,内,C19,,,
エクセグラン錠１００ｍｇ,内,E15,,,
エクセラーゼ配合錠,内,C19,,,
エクメット配合錠ＬＤ,内,E15,,,
イクセロンパッチ４．５ｍｇ,外,E5,,,
エスタゾラム錠１ｍｇ「アメル」,内,E19,,,
イクセロンパッチ９ｍｇ,外,E5,,,
イソジンガーグル液７％,外,C4,,,
エステルチンドライシロップ０．０１％,内,C11,,,
イソジン液１０％,外,D1,,,
エストリール錠１ｍｇ（持田）,内,C19,,,
エゼチミブ錠１０ｍｇ「ＤＳＥＰ」,内,,,,
エチゾラム錠０．２５ｍｇ「日医工」,内,E19,,,
エチゾラム錠０．５ｍｇ「オーハラ」,内,E19,,,
エチゾラム錠１ｍｇ「トーワ」,内,E19,,,
エックスフォージ配合錠,内,E15,,,
イナビル吸入粉末剤２０ｍｇ,外,B1,,,
エディロールカプセル０．５μｇ,内,E15,,,
エディロールカプセル０．７５μｇ,内,,,,
エトドラク錠２００ｍｇ「ＳＷ」,内,E15,,,
エナラプリルマレイン酸塩錠２．５ｍｇ「ＪＧ」,内,C19,,,
エナラプリルマレイン酸塩錠５ｍｇ「ＪＧ」,内,C19,,,
エネーボ配合経腸用液,内,G11,,,
エバスチン錠１０ｍｇ「日医工」,内,C19,,,
エバステルＯＤ錠１０ｍｇ,内,C19,,,
エバステル錠１０ｍｇ,内,C19,,,
インテバンクリーム１％,外,C1,,,
エパデールＳ９００(９００ｍｇ),内,E25,,,
エパデールカプセル３００(３００ｍｇ),内,C19,,,
エパルレスタット錠５０ｍｇ「ファイザー」,内,C19,,,
エビスタ錠６０ｍｇ,内,C19,,,
エピナスチン塩酸塩錠２０ｍｇ「日医工」,内,C19,,,
エビリファイ錠６ｍｇ,内,E15,,,
インテバン外用液１％,外,C1,,,
エブトール２５０ｍｇ錠,内,E15,,,
エフピーＯＤ錠２．５(２．５ｍｇ),内,E2,,,
エブランチルカプセル１５ｍｇ,内,C19,,,
インドメタシンパップ７０ｍｇ「ＹＤ」(１０ｃｍ×１４ｃｍ),外,,,,
ウリモックスクリーム１０％,外,C3,,,
エブランチルカプセル３０ｍｇ,内,C19,,,
エペリゾン塩酸塩錠５０ｍｇ「日医工」,内,C19,,,
ウルティブロ吸入用カプセル,外,E9,,,
ウレパールクリーム１０％,外,C3,,,
エリキュース錠２．５ｍｇ,内,C19,,,
エリキュース錠５ｍｇ,内,C19,,,
エレトリプタン錠２０ｍｇ「トーワ」,内,E15,,,
ウレパールローション１０％,外,A2,,,
エレンタール配合内用剤,内,A5,,,
エンシュア・Ｈ,内,G11,,,
エイゾプト懸濁性点眼液１％,外,E10,,,
エキザルベ,外,C2,,,
エンシュア・リキッド,内,G11,,,
オーグメンチン配合錠１２５ＳＳ(１８７．５ｍｇ),内,,,,
オーグメンチン配合錠２５０ＲＳ(３７５ｍｇ),内,C19,,,
オースギ葛根湯エキスＴ錠,内,A3,,,
オースギ大黄甘草湯エキスＴ錠,内,E25,,,
エクラーローション０．３％,外,E4,,,
エタノール「ケンエー」,外,D4,,,
オキサトミド錠３０ｍｇ「サワイ」,内,C19,,,
オキシコンチンＴＲ錠５ｍｇ,内,E6,,,
エタノール「マルイシ」,外,D3,,,
オキシブチニン塩酸塩錠２ｍｇ「サワイ」,内,C19,,,
オキノーム散２．５ｍｇ,内,E6,,,
オキノーム散５ｍｇ,内,,,,
オクトレオチド酢酸塩皮下注１００μｇ「サンド」(１ｍＬ),注,F,,,
エピデュオゲル,外,,,,
エルシド腟錠１００ｍｇ,外,C2,,,
エンクラッセ６２．５μｇエリプタ３０吸入用,外,E9,,,
エンペシドクリーム１％,外,C2,,,
オゼックス錠１５０(１５０ｍｇ),内,,,,
オセルタミビルカプセル７５ｍｇ「サワイ」,内,,,,
オノンカプセル１１２．５ｍｇ,内,C19,,,
オパルモン錠５μｇ,内,C19,,,
オプソ内服液１０ｍｇ(５ｍＬ),内,E6,,,
オプソ内服液５ｍｇ(２．５ｍＬ),内,E6,,,
オメプラゾール錠「トーワ」１０ｍｇ,内,C19,,,
大塚生食注(２０ｍＬ),注,A3,,,
オメプラゾール錠２０ｍｇ「アメル」,内,C19,,,
オメプラゾン錠２０ｍｇ,内,C19,,,
オラペネム小児用細粒１０％(１００ｍｇ),内,E3,,,
オランザピンＯＤ錠１０ｍｇ「ＤＳＥＰ」,内,E15,,,
オランザピンＯＤ錠５ｍｇ「ＤＳＥＰ」,内,E15,,,
オルミエント錠４ｍｇ,内,E15,,,
オルメサルタンＯＤ錠１０ｍｇ「ＤＳＥＰ」,内,C19,,,
オルメサルタンＯＤ錠２０ｍｇ「ＤＳＥＰ」,内,C19,,,
オルメサルタンＯＤ錠５ｍｇ「ＤＳＥＰ」,内,C19,,,
オルメテックＯＤ錠１０ｍｇ,内,C19,,,
オイラックスＨクリーム,外,C14,,,
オルメテックＯＤ錠２０ｍｇ,内,C19,,,
オルメテックＯＤ錠５ｍｇ,内,,,,
オロパタジン塩酸塩ＯＤ錠２．５ｍｇ「ＡＡ」,内,,,,
オロパタジン塩酸塩ＯＤ錠５ｍｇ「ＡＡ」,内,E11,,,
オロパタジン塩酸塩ＯＤ錠５ｍｇ「テバ」,内,,,,
オロパタジン塩酸塩ドライシロップ１％「日本臓器」,内,C11,,,
オイラックスクリーム１０％,外,C4,,,
オキサロールローション２５μｇ／ｇ(０．００２５％),外,C3,,,
オロパタジン塩酸塩錠５ｍｇ「ＡＡ」,内,C12,,,
オロパタジン塩酸塩顆粒０．５％「ＭＥＥＫ」,内,C11,,,
ガスコン錠４０ｍｇ,内,C18,,,
ガスコン錠８０ｍｇ,内,C18,,,
ガスターＤ錠１０ｍｇ,内,C18,,,
オキサロール軟膏２５μｇ／ｇ(０．００２５％),外,C3,,,
ガスターＤ錠２０ｍｇ,内,C18,,,
カソデックスＯＤ錠８０ｍｇ,内,C18,,,
カナグル錠１００ｍｇ,内,C18,,,
オキナゾールクリーム１％,外,C4,,,
カナリア配合錠,内,C17,,,
カムシア配合錠ＨＤ「あすか」,内,E15,,,
カムシア配合錠ＬＤ「あすか」,内,E15,,,
カモスタットメシル酸塩錠１００ｍｇ「サワイ」,内,C18,,,
カリジノゲナーゼ錠２５単位「サワイ」,内,C18,,,
カリジノゲナーゼ錠５０単位「サワイ」,内,C18,,,
カリセラム－Ｎａ末,内,A5,,,
カリメート経口液２０％(２５ｇ),内,A5,,,
カリメート散,内,E3,,,
ランタスＸＲ注ソロスター(４５０単位),注,F,,,
オゼックス点眼液０．３％,外,E10,,,
カルシトリオールカプセル０．５μｇ「サワイ」,内,E15,,,
カルデナリンＯＤ錠１ｍｇ,内,,,,
カルナクリン錠２５(２５単位),内,,,,
カルナクリン錠５０(５０単位),内,C18,,,
カルバゾクロムスルホン酸ナトリウム錠３０ｍｇ「日医工」,内,C18,,,
カルバマゼピン錠１００ｍｇ「アメル」,内,C18,,,
カルフィーナ錠０．２５μｇ,内,E15,,,
カルフィーナ錠０．５μｇ,内,E15,,,
オフロキシン点眼液０．３％,外,E10,,,
カルフィーナ錠１．０μｇ(１μｇ),内,E15,,,
カルブロック錠１６ｍｇ,内,C18,,,
オラドールＳトローチ０．５ｍｇ,外,C5,,,
オルセノン軟膏０．２５％,外,A2,,,
カルベジロール錠１．２５ｍｇ「サワイ」,内,C18,,,
カルベジロール錠１０ｍｇ「サワイ」,内,C18,,,
カルベジロール錠２．５ｍｇ「サワイ」,内,C18,,,
オルテクサー口腔用軟膏０．１％,外,C6,,,
カルボシステインＤＳ５０％「タカタ」,内,C10,,,
オンブレス吸入用カプセル１５０μｇ,外,E9,,,
ガチフロ点眼液０．３％,外,E10,,,
カルボシステインシロップ小児用５％「テバ」,内,D3,,,
カトレップテープ７０ｍｇ(１０ｃｍ×１４ｃｍ),外,G3,,,
カルボシステイン錠２５０ｍｇ「サワイ」,内,,,,
カルボシステイン錠２５０ｍｇ「トーワ」,内,C18,,,
カルボシステイン錠５００ｍｇ「トーワ」,内,C18,,,
カロナールシロップ２％,内,,,,
カロナール細粒２０％,内,C10,,,
カロナール細粒５０％,内,C10,,,
カロナール錠２００(２００ｍｇ),内,C18,,,
カロナール錠３００(３００ｍｇ),内,C18,,,
カロナール錠５００(５００ｍｇ),内,E15,,,
トレシーバ注　フレックスタッチ(３００単位),注,F,,,
カロリールゼリー４０．４９６％,内,A5,,,
カトレップパップ７０ｍｇ(１０ｃｍ×１４ｃｍ),外,G3,,,
カンデサルタン錠１２ｍｇ「あすか」,内,C18,,,
カンデサルタン錠４ｍｇ「あすか」,内,C18,,,
カンデサルタン錠８ｍｇ「あすか」,内,C18,,,
カリーユニ点眼液０．００５％(５ｍＬ),外,E10,,,
キプレス錠１０ｍｇ,内,C18,,,
カロナール坐剤２００(２００ｍｇ),外,F,,,
カロナール坐剤４００(４００ｍｇ),外,F,,,
キサラタン点眼液０．００５％,外,F,,,
キョーリンＡＰ２配合顆粒,内,E3,,,
キシロカインゼリー２％,外,C5,,,
グーフィス錠５ｍｇ,内,C18,,,
クエチアピン細粒５０％「アメル」,内,C10,,,
クエチアピン錠１００ｍｇ「アメル」,内,E15,,,
クエチアピン錠１２．５ｍｇ「アメル」,内,E15,,,
キュバール１００エアゾール(１５ｍｇ８．７ｇ),外,,,,
クエチアピン錠２５ｍｇ「ＡＡ」,内,E15,,,
キンダベート軟膏０．０５％,外,C5,,,
クエン酸第一鉄Ｎａ錠５０ｍｇ「ＪＧ」(鉄５０ｍｇ),内,C18,,,
グラナテック点眼液０．４％,外,E10,,,
クエン酸第一鉄Ｎａ錠５０ｍｇ「サワイ」(鉄５０ｍｇ),内,,,,
クラビット点眼液０．５％,外,E10,,,
クラビット点眼液１．５％,外,E10,,,
グラクティブ錠１２．５ｍｇ,内,C18,,,
グラクティブ錠５０ｍｇ,内,C18,,,
クラシエ葛根湯エキス細粒,内,A3,,,
グリセリン「マルイシ」,外,D1,,,
クラシエ五虎湯エキス細粒,内,A3,,,
クラシエ柴苓湯エキス細粒,内,,,,
クラシエ小青竜湯エキス錠,内,A3,,,
クラシエ防風通聖散エキス錠,内,,,,
クラバモックス小児用配合ドライシロップ(６３６．５ｍｇ),内,E3,,,
クラビット錠２５０ｍｇ　（レボフロキサシンとして）,内,C18,,,
グリセリン浣腸「オヲタ」６０(５０％６０ｍＬ),外,,,,
クラビット錠５００ｍｇ　（レボフロキサシンとして）,内,C18,,,
グリセリン浣腸液５０％「マイラン」(６０ｍＬ),外,,,,
グリメサゾン軟膏,外,C5,,,
グラマリール錠２５ｍｇ,内,E18,,,
クラリシッド・ドライシロップ１０％小児用(１００ｍｇ),内,C11,,,
クラリシッド錠２００ｍｇ,内,C14,,,
クラリスロマイシン錠２００ｍｇ「サワイ」,内,C18,,,
クラリス錠２００(２００ｍｇ),内,C18,,,
クリンダマイシンリン酸エステルゲル１％「サワイ」,外,C5,,,
クラリチンレディタブ錠１０ｍｇ,内,C18,,,
クラリチン錠１０ｍｇ,内,C18,,,
クレナフィン爪外用液１０％,外,E7,,,
クリアナール錠２００ｍｇ,内,C18,,,
クリアナール内用液８％,内,,,,
エルネオパＮＦ２号輸液(１０００ｍＬ),注,L2,,,
グリメピリドＯＤ錠１ｍｇ「日医工」,内,E15,,,
グリメピリド錠０．５ｍｇ「ＮＰ」,内,E15,,,
グリメピリド錠１ｍｇ「ＮＰ」,内,E15,,,
グリメピリド錠３ｍｇ「ＮＰ」,内,E15,,,
グルコンサンＫ細粒４ｍＥｑ／ｇ　カリウム,内,E3,,,
グルファスト錠１０ｍｇ,内,C18,,,
グレースビット錠５０ｍｇ,内,C18,,,
クレストールＯＤ錠２．５ｍｇ,内,C18,,,
クレストール錠２．５ｍｇ,内,C18,,,
クレメジン細粒分包２ｇ,内,A5,,,
クロチアゼパム錠５ｍｇ「サワイ」,内,E19,,,
クロトリマゾールクリーム１％「イワキ」,外,G10,,,
クロベタゾールプロピオン酸エステルローション０．０５％「ＭＹＫ」,外,,,,
クロベタゾールプロピオン酸エステル軟膏０．０５％「ＭＹＫ」,外,,,,
クロチアゼパム錠５ｍｇ「日医工」,内,,,,
クロピドグレル錠２５ｍｇ「ＳＡＮＩＫ」,内,C18,,,
クロピドグレル錠２５ｍｇ「サワイ」,内,,,,
クロマイ－Ｐ軟膏,外,C7,,,
クロピドグレル錠７５ｍｇ「ＫＮ」,内,,,,
クロモグリク酸Ｎａ吸入液１％「サワイ」(２ｍＬ),外,E9,,,
クロピドグレル錠７５ｍｇ「ＳＡＮＩＫ」,内,C18,,,
ゲーベンクリーム１％,外,A2,,,
ケトコナゾールクリーム２％「ＪＧ」,外,C6,,,
ケトチフェンＰＦ点眼液０．０５％「日点」(３．４５ｍｇ５ｍＬ),外,E10,,,
ノボリン３０Ｒ注フレックスペン(３００単位),注,F,,,
ケトプロフェンテープ２０ｍｇ「テイコク」(７ｃｍ×１０ｃｍ),外,G3,,,
クロピドグレル錠７５ｍｇ「トーワ」,内,C18,,,
クロルマジノン酢酸エステル錠２５ｍｇ「日医工」,内,C18,,,
ケトプロフェンテープ４０ｍｇ「テイコク」(１０ｃｍ×１４ｃｍ),外,G3,,,
ケアラム錠２５ｍｇ,内,E15,,,
ケイキサレートドライシロップ７６％,内,E5,,,
ケフラールカプセル２５０ｍｇ,内,C17,,,
ケルロング錠５ｍｇ,内,C18,,,
コデインリン酸塩散１％「タケダ」,内,C10,,,
コニール錠２(２ｍｇ),内,E15,,,
ケトプロフェンパップ３０ｍｇ「ラクール」(１０ｃｍ×１４ｃｍ),外,G2,,,
ケトプロフェンパップＸＲ１２０ｍｇ「テイコク」(１０×１４ｃｍ),外,G3,,,
コニール錠４(４ｍｇ),内,E15,,,
コメリアンコーワ錠５０(５０ｍｇ),内,C18,,,
ケトプロフェン坐剤７５ｍｇ「ＳＮ」,外,F,,,
コリオパンカプセル５ｍｇ,内,C18,,,
コルヒチン錠０．５ｍｇ「タカタ」,内,E15,,,
ケナログ口腔用軟膏０．１％,外,C6,,,
コロネル細粒８３．３％,内,E3,,,
コンスタン０．４ｍｇ錠,内,E19,,,
ケンエーＧ浣腸液５０％(１２０ｍＬ),外,A6,,,
コントミン糖衣錠２５ｍｇ,内,C18,,,
ケンエーＧ浣腸液５０％(３０ｍＬ),外,A6,,,
サアミオン錠５ｍｇ,内,C17,,,
ザイザルシロップ０．０５％,内,D3,,,
ザイザル錠５ｍｇ,内,C15,,,
サイトテック錠２００(２００μｇ),内,E16,,,
ザイロリック錠１００(１００ｍｇ),内,C17,,,
サインバルタカプセル２０ｍｇ,内,E16,,,
ケンエーＧ浣腸液５０％(６０ｍＬ),外,A6,,,
サインバルタカプセル３０ｍｇ,内,E16,,,
ザクラス配合錠ＨＤ,内,E16,,,
ザクラス配合錠ＬＤ,内,E16,,,
サムスカＯＤ錠１５ｍｇ,内,E16,,,
サムスカＯＤ錠７．５ｍｇ,内,E16,,,
サムスカ錠１５ｍｇ,内,E16,,,
ケンエーアクリノール液０．１(０．１％),外,D4,,,
ゲンタシン軟膏０．１％(１ｍｇ),外,C6,,,
サムスカ錠７．５ｍｇ,内,E16,,,
サラザック配合顆粒,内,E3,,,
サラジェン錠５ｍｇ,内,E16,,,
ゲンタマイシン点眼液０．３％「日点」(３ｍｇ),外,E10,,,
サラジェン顆粒０．５％(５ｍｇ),内,E3,,,
ゲンタマイシン硫酸塩軟膏０．１％「Ｆ」(１ｍｇ),外,C6,,,
サリグレンカプセル３０ｍｇ,内,,,,
サルポグレラート塩酸塩錠１００ｍｇ「サワイ」,内,C17,,,
サルポグレラート塩酸塩錠５０ｍｇ「ＭＥＥＫ」,内,C17,,,
サワシリンカプセル２５０(２５０ｍｇ),内,C17,,,
サンリズムカプセル２５ｍｇ,内,E16,,,
ジアゼパム錠２「トーワ」(２ｍｇ),内,E19,,,
ジアゼパム錠５「トーワ」(５ｍｇ),内,E19,,,
ゲンタマイシン硫酸塩軟膏０．１％「イワキ」(１ｍｇ),外,,,,
コールタイジン点鼻液,外,E9,,,
ジェニナック錠２００ｍｇ,内,C17,,,
ジエノゲスト錠１ｍｇ「モチダ」,内,C17,,,
ジオトリフ錠２０ｍｇ,内,E16,,,
シグマート錠５ｍｇ,内,C17,,,
ザーネ軟膏０．５％(５，０００単位),外,E8,,,
ジクロフェナクＮａ徐放カプセル３７．５ｍｇ「ＺＥ」,内,E16,,,
ジクロフェナクＮａ錠２５ｍｇ「トーワ」,内,E16,,,
サトウザルベ軟膏１０％,外,E8,,,
ジスロマック錠２５０ｍｇ,内,C17,,,
シナール配合錠,内,C16,,,
シナール配合顆粒,内,E3,,,
ジフェニドール塩酸塩錠２５ｍｇ「日医工」,内,C17,,,
シプロキサン錠２００ｍｇ,内,C17,,,
シベノール錠１００ｍｇ,内,E16,,,
ジメチコン錠４０ｍｇ「ＹＤ」,内,C17,,,
ザラカム配合点眼液,外,F,,,
シメチジン錠２００ｍｇ「サワイ」,内,C17,,,
ジャディアンス錠１０ｍｇ,内,C17,,,
ジャヌビア錠１００ｍｇ,内,C17,,,
ジャヌビア錠２５ｍｇ,内,C17,,,
ジャヌビア錠５０ｍｇ,内,C17,,,
サリチル酸原末「マルイシ」,外,E3,,,
シュアポスト錠０．２５ｍｇ,内,E16,,,
シュアポスト錠０．５ｍｇ,内,E16,,,
ジルチアゼム塩酸塩Ｒカプセル１００ｍｇ「サワイ」,内,C17,,,
ジルテックドライシロップ１．２５％,内,C11,,,
サリベートエアゾール(５０ｇ),外,E9,,,
サンコバ点眼液０．０２％(５ｍＬ),外,E10,,,
サンテゾーン０．０５％眼軟膏,外,C7,,,
サンベタゾン眼耳鼻科用液０．１％,外,E10,,,
ジルテック錠１０(１０ｍｇ),内,C15,,,
シルニジピン錠１０ｍｇ「サワイ」,内,C17,,,
シルニジピン錠５ｍｇ「サワイ」,内,C17,,,
シロスタゾールＯＤ錠１００ｍｇ「ＪＧ」,内,C17,,,
シロドシンＯＤ錠４ｍｇ「ＤＳＥＰ」,内,E16,,,
シロドシン錠４ｍｇ「ＤＳＥＰ」,内,E16,,,
シアノコバラミン点眼液０．０２％「杏林」(５ｍＬ),外,E10,,,
シングレア錠１０ｍｇ,内,C17,,,
ジクアス点眼液３％(５ｍＬ),外,E10,,,
シンバスタチン錠５ｍｇ「あすか」,内,C17,,,
ジクロード点眼液０．１％,外,F,,,
シンメトレル錠５０ｍｇ,内,C17,,,
シンラック内用液０．７５％,内,,,,
ジクロフェナクＮａゲル１％「日本臓器」,外,G5,,,
ジクロフェナクＮａローション１％「ラクール」,外,A2,,,
スイニー錠１００ｍｇ,内,C17,,,
ジクロフェナクナトリウム坐剤２５ｍｇ「ＪＧ」,外,F,,,
スインプロイク錠０．２ｍｇ,内,C17,,,
スーグラ錠５０ｍｇ,内,C17,,,
スージャヌ配合錠,内,C17,,,
スオード錠１００(１００ｍｇ（活性本体として）),内,C17,,,
スタレボ配合錠Ｌ１００,内,C17,,,
ストロカイン錠５ｍｇ,内,C17,,,
ストロメクトール錠３ｍｇ,内,E16,,,
スピロノラクトン錠２５ｍｇ「ＴＣＫ」,内,,,,
スピロノラクトン錠２５ｍｇ「トーワ」,内,C17,,,
スピロノラクトン錠５０ｍｇ「ＹＤ」,内,C17,,,
ズファジラン錠１０ｍｇ,内,C17,,,
ジクロフェナクナトリウム坐剤５０ｍｇ「ＪＧ」,外,F,,,
スルピリド錠５０ｍｇ「アメル」,内,C17,,,
スルピリド錠５０ｍｇ「サワイ」,内,,,,
ジフラールクリーム０．０５％,外,C7,,,
ジフラール軟膏０．０５％,外,C7,,,
シムビコートタービュヘイラー３０吸入,外,,,,
セイブルＯＤ錠７５ｍｇ,内,C17,,,
セイブル錠５０ｍｇ,内,C17,,,
シムビコートタービュヘイラー６０吸入,外,E9,,,
ゼスラン錠３ｍｇ,内,C17,,,
ゼチーア錠１０ｍｇ,内,C17,,,
スタデルムクリーム５％,外,C2,,,
セチリジン塩酸塩錠１０ｍｇ「トーワ」,内,C17,,,
セチロ配合錠,内,C17,,,
セニラン錠２ｍｇ,内,E19,,,
レベミル注　フレックスペン(３００単位),注,,,,
スタデルム軟膏５％,外,C2,,,
セファドール錠２５ｍｇ,内,C17,,,
セファランチン末１％,内,C16,,,
セファレキシンドライシロップ小児用５０％「日医工」(５００ｍｇ),内,C11,,,
セファレキシン錠２５０「日医工」(２５０ｍｇ),内,,,,
スチックゼノールＡ,外,C3,,,
セフカペンピボキシル塩酸塩小児用細粒１０％「サワイ」(１００ｍｇ),内,E3,,,
セフカペンピボキシル塩酸塩錠１００ｍｇ「日医工」,内,C17,,,
スチブロンクリーム０．０５％,外,C1,,,
セフジトレンピボキシル小児用細粒１０％「サワイ」(１００ｍｇ),内,,,,
セフジトレンピボキシル錠１００ｍｇ「トーワ」,内,C17,,,
スチブロン軟膏０．０５％,外,C1,,,
セフジニルカプセル１００ｍｇ「日医工」,内,C17,,,
セフジニル細粒小児用１０％「サワイ」(１００ｍｇ),内,E3,,,
セフゾンカプセル１００ｍｇ,内,C17,,,
セラピナ配合顆粒,内,E3,,,
ステリクロンＷ液０．０２(０．０２％),外,D4,,,
セララ錠５０ｍｇ,内,C17,,,
セルトラリン錠２５ｍｇ「サワイ」,内,E16,,,
ステリクロンＷ液０．０５(０．０５％),外,D4,,,
セルベックスカプセル５０ｍｇ,内,C17,,,
スピール膏Ｍ(２５ｃｍ２),外,E5,,,
スピオルトレスピマット６０吸入,外,,,,
セレコキシブ錠１００ｍｇ「ファイザー」,内,E16,,,
セレコックス錠１００ｍｇ,内,E16,,,
セレコックス錠２００ｍｇ,内,E16,,,
セレスタミン配合錠,内,C17,,,
スピリーバ２．５μｇレスピマット６０吸入(１５０μｇ),外,E9,,,
セレニカＲ顆粒４０％,内,E3,,,
ゼローダ錠３００(３００ｍｇ),内,E16,,,
セロクエル２５ｍｇ錠,内,E16,,,
セロクエル細粒５０％,内,C10,,,
センノサイド顆粒８％「ＥＭＥＣ」,内,E3,,,
スミルスチック３％,外,G5,,,
センノシド錠１２ｍｇ「サワイ」,内,E14,,,
ＫＮ３号輸液(５００ｍＬ),注,K7,,,
センノシド錠１２ｍｇ「トーワ」,内,E14,,,
ゾーミッグＲＭ錠２．５ｍｇ,内,E16,,,
ゾニサミド錠１００ｍｇ「アメル」,内,E16,,,
ゾピクロン錠７．５ｍｇ「トーワ」,内,E19,,,
スルプロチン軟膏１％,外,C1,,,
ゾビラックス錠２００(２００ｍｇ),内,C17,,,
ゾフルーザ錠２０ｍｇ,内,C17,,,
セクタークリーム３％,外,A2,,,
セクターローション３％,外,A2,,,
ソラナックス０．４ｍｇ錠,内,E19,,,
ソランタール錠１００ｍｇ,内,C17,,,
セニラン坐剤３ｍｇ,外,F,,,
ゼビアックスローション２％,外,E4,,,
ゾルピデム酒石酸塩錠１０ｍｇ「ＡＡ」,内,E19,,,
ゾルピデム酒石酸塩錠５ｍｇ「ＡＡ」,内,E19,,,
ナノパスニードルⅡ 34G/4mm(テルモ),,A5,,,
ゼフナートクリーム２％,外,C3,,,
ゾルピデム酒石酸塩錠５ｍｇ「ＮＰ」,内,,,,
ゼフナート外用液２％,外,E7,,,
ソレトン錠８０(８０ｍｇ),内,E16,,,
セルタッチテープ７０(１０ｃｍ×１４ｃｍ),外,G3,,,
ダイアート錠３０ｍｇ,内,E11,,,
セルタッチパップ７０(１０ｃｍ×１４ｃｍ),外,G3,,,
ダイアモックス錠２５０ｍｇ,内,E11,,,
ダイフェン配合錠,内,E11,,,
タクロリムス錠３ｍｇ「あゆみ」,内,E16,,,
タケキャブ錠１０ｍｇ,内,E11,,,
タケキャブ錠２０ｍｇ,内,E11,,,
ゾビラックスクリーム５％,外,C3,,,
タケプロンＯＤ錠１５(１５ｍｇ),内,E11,,,
タケプロンＯＤ錠３０(３０ｍｇ),内,E11,,,
タケプロンカプセル１５(１５ｍｇ),内,E11,,,
タケルダ配合錠,内,E11,,,
タチオン錠５０ｍｇ,内,E11,,,
タミフルカプセル７５(７５ｍｇ),内,E11,,,
タミフルドライシロップ３％,内,F,,,
ゾビラックス眼軟膏３％,外,C7,,,
タムスロシン塩酸塩ＯＤ錠０．２ｍｇ「明治」,内,E11,,,
タムスロシン塩酸塩カプセル０．２ｍｇ「オーハラ」,内,E11,,,
タモキシフェン錠２０ｍｇ「ＭＹＬ」,内,E11,,,
タモキシフェン錠２０ｍｇ「サワイ」,内,,,,
ダラシンカプセル１５０ｍｇ,内,E11,,,
タリージェ錠１５ｍｇ,内,E11,,,
タリージェ錠５ｍｇ,内,E11,,,
タリオンＯＤ錠１０ｍｇ,内,C12,,,
ゾビラックス軟膏５％,外,C7,,,
タリオンＯＤ錠５ｍｇ,内,C12,,,
タリオン錠１０ｍｇ,内,C12,,,
タリオン錠５ｍｇ,内,C12,,,
タルチレリンＯＤ錠５ｍｇ「日医工」,内,E11,,,
タンドスピロンクエン酸塩錠１０ｍｇ「アメル」,内,E16,,,
タンドスピロンクエン酸塩錠１０ｍｇ「トーワ」,内,E16,,,
ソフティア点眼液０．０２％(５ｍＬ),外,E10,,,
タンドスピロンクエン酸塩錠２０ｍｇ「サワイ」,内,E16,,,
ダントリウムカプセル２５ｍｇ,内,E11,,,
タンナルビン「ホエイ」,内,,,,
タンニン酸アルブミン「ファイザー」原末,内,C11,,,
チアトンカプセル１０ｍｇ,内,E12,,,
ダイアップ坐剤１０(１０ｍｇ),外,G11,,,
チアプリド細粒１０％「サワイ」,内,C10,,,
チアプリド錠２５ｍｇ「サワイ」,内,E12,,,
チアプリド錠５０ｍｇ「サワイ」,内,E12,,,
チガソンカプセル１０(１０ｍｇ),内,E16,,,
チキジウム臭化物カプセル１０ｍｇ「サワイ」,内,E12,,,
チクロピジン塩酸塩錠１００ｍｇ「トーワ」,内,E12,,,
チザニジン錠１ｍｇ「サワイ」,内,E12,,,
タプコム配合点眼液,外,E10,,,
チャンピックス錠１ｍｇ,内,E16,,,
チラーヂンＳ錠１２．５μｇ,内,E16,,,
チラーヂンＳ錠２５μｇ,内,E16,,,
タプロス点眼液０．００１５％,外,E10,,,
ダラシンＴゲル１％,外,C4,,,
チラーヂンＳ錠５０μｇ,内,E16,,,
ツムラ加味逍遙散エキス顆粒（医療用）,内,A3,,,
ツムラ葛根湯エキス顆粒（医療用）,内,A4,,,
タリビッド眼軟膏０．３％,外,C7,,,
タリビッド耳科用液０．３％(３ｍｇ),外,E9,,,
タリビッド点眼液０．３％,外,E10,,,
ツムラ葛根湯加川きゅう辛夷エキス顆粒（医療用）,内,,,,
ツムラ桔梗湯エキス顆粒（医療用）,内,A3,,,
ツムラ牛車腎気丸エキス顆粒（医療用）,内,A3,,,
ツムラ桂枝加芍薬大黄湯エキス顆粒（医療用）,内,A3,,,
ツムラ紫雲膏,外,G10,,,
ツロブテロールテープ０．５ｍｇ「トーワ」,外,,,,
ツムラ桂枝加芍薬湯エキス顆粒（医療用）,内,A3,,,
ツロブテロールテープ０．５ｍｇ「ファイザー」,外,E5,,,
ツムラ桂枝茯苓丸エキス顆粒（医療用）,内,A3,,,
ツムラ五苓散エキス顆粒（医療用）,内,A3,,,
ツロブテロールテープ１ｍｇ「ＨＭＴ」,外,E5,,,
ツロブテロールテープ２ｍｇ「ＮＰ」,外,,,,
ツムラ柴胡加竜骨牡蛎湯エキス顆粒（医療用）,内,,,,
ツロブテロールテープ２ｍｇ「トーワ」,外,,,,
ツムラ柴胡桂枝湯エキス顆粒（医療用）,内,A3,,,
ツムラ十全大補湯エキス顆粒（医療用）,内,A4,,,
ツロブテロールテープ２ｍｇ「ファイザー」,外,E5,,,
ティアバランス点眼液０．１％(５ｍＬ),外,E10,,,
ツムラ十味敗毒湯エキス顆粒（医療用）,内,A3,,,
ツムラ潤腸湯エキス顆粒（医療用）,内,A3,,,
ディフェリンゲル０．１％,外,C3,,,
ツムラ小建中湯エキス顆粒（医療用）,内,A3,,,
ツムラ小青竜湯エキス顆粒（医療用）,内,A3,,,
デキサメタゾン口腔用軟膏０．１％「ＮＫ」,外,,,,
ツムラ人参養栄湯エキス顆粒（医療用）,内,A3,,,
ツムラ清暑益気湯エキス顆粒（医療用）,内,A3,,,
ツムラ清肺湯エキス顆粒（医療用）,内,A3,,,
デキサルチン口腔用軟膏１ｍｇ／ｇ(０．１％),外,C6,,,
ツムラ大黄甘草湯エキス顆粒（医療用）,内,A4,,,
ツムラ大建中湯エキス顆粒（医療用）,内,A4,,,
ツムラ当帰四逆加呉茱萸生姜湯エキス顆粒（医療用）,内,A3,,,
ツムラ当帰芍薬散エキス顆粒（医療用）,内,A3,,,
ツムラ麦門冬湯エキス顆粒（医療用）,内,A4,,,
ツムラ半夏厚朴湯エキス顆粒（医療用）,内,A3,,,
ツムラ半夏瀉心湯エキス顆粒（医療用）,内,,,,
テクスメテン　ユニバーサル(クリーム０．１％),外,G10,,,
ツムラ補中益気湯エキス顆粒（医療用）,内,A4,,,
ツムラ防風通聖散エキス顆粒（医療用）,内,A4,,,
デュアック配合ゲル,外,F,,,
ツムラ防已黄耆湯エキス顆粒（医療用）,内,A3,,,
ツムラ麻黄湯エキス顆粒（医療用）,内,A3,,,
ツムラ麻黄附子細辛湯エキス顆粒（医療用）,内,A3,,,
ツムラ麻子仁丸エキス顆粒（医療用）,内,A3,,,
ツムラ抑肝散エキス顆粒（医療用）,内,A4,,,
デュロテップＭＴパッチ１２．６ｍｇ,外,E6,,,
ツムラ苓桂朮甘湯エキス顆粒（医療用）,内,A3,,,
ツムラ六君子湯エキス顆粒（医療用）,内,A3,,,
デュロテップＭＴパッチ２．１ｍｇ,外,E6,,,
ツムラ芍薬甘草湯エキス顆粒（医療用）,内,A4,,,
ディオバン錠８０ｍｇ,内,E12,,,
ディレグラ配合錠,内,E16,,,
テオドール錠１００ｍｇ,内,E12,,,
デュロテップＭＴパッチ４．２ｍｇ,外,E6,,,
デュロテップＭＴパッチ８．４ｍｇ,外,E6,,,
テラ・コートリル軟膏,外,C6,,,
テラマイシン軟膏（ポリミキシンＢ含有）,外,,,,
テオフィリン徐放ドライシロップ小児用２０％「サワイ」,内,C10,,,
テオフィリン徐放錠１００ｍｇ「サワイ」,内,E12,,,
テオフィリン徐放錠２００ｍｇ「サワイ」,内,E16,,,
テオロング錠１００ｍｇ,内,E12,,,
デカドロン錠０．５ｍｇ,内,E12,,,
デカドロン錠４ｍｇ,内,E12,,,
デルモゾールＧローション,外,C5,,,
デルモゾールＧ軟膏,外,,,,
デキストロメトルファン臭化水素酸塩錠１５ｍｇ「トーワ」,内,E12,,,
テグレトール細粒５０％,内,E3,,,
テグレトール錠１００ｍｇ,内,E12,,,
デザレックス錠５ｍｇ,内,E12,,,
デルモゾールローション０．１２％,外,C5,,,
デルモゾール軟膏０．１２％,外,C6,,,
デジレル錠２５(２５ｍｇ),内,,,,
テトラミド錠１０ｍｇ,内,E12,,,
デルモベートクリーム０．０５％,外,G10,,,
テネリア錠２０ｍｇ,内,E12,,,
テノーミン錠５０(５０ｍｇ),内,E12,,,
デノタスチュアブル配合錠,内,C21,,,
ヒューマログ注ミリオペン(３００単位),注,F,,,
デパケンＲ錠２００ｍｇ,内,E12,,,
デルモベートスカルプローション０．０５％,外,E4,,,
デルモベート軟膏０．０５％,外,C14,,,
デパス錠０．２５ｍｇ,内,E19,,,
デパス錠０．５ｍｇ,内,E19,,,
テレミンソフト坐薬１０ｍｇ,外,G11,,,
テプレノンカプセル５０ｍｇ「サワイ」,内,E12,,,
テプレノン細粒１０％「トーワ」,内,E3,,,
トパルジック軟膏１％,外,C4,,,
テモカプリル塩酸塩錠２ｍｇ「サワイ」,内,E12,,,
テラムロ配合錠ＡＰ「サワイ」,内,E12,,,
テラムロ配合錠ＢＰ「サワイ」,内,E16,,,
テルギンＧドライシロップ０．１％,内,E3,,,
ドボネックス軟膏５０μｇ／ｇ(０．００５％),外,C8,,,
テルネリン錠１ｍｇ,内,E12,,,
テルペラン錠５(５ｍｇ),内,E12,,,
テルミサルタンＯＤ錠４０ｍｇ「サワイ」,内,E12,,,
ドボベット軟膏,外,C8,,,
テルミサルタン錠２０ｍｇ「ＤＳＥＰ」,内,E12,,,
テルミサルタン錠２０ｍｇ「ＥＥ」,内,,,,
テルミサルタン錠４０ｍｇ「ＤＳＥＰ」,内,E12,,,
トルソプト点眼液１％,外,E10,,,
ドルモロール配合点眼液「ニットー」,外,E10,,,
テルミサルタン錠８０ｍｇ「ＤＳＥＰ」,内,E12,,,
ドレニゾンテープ４μｇ／ｃｍ２(０．３ｍｇ７．５ｃｍ×１０ｃｍ),外,C6,,,
トアラセット配合錠「サワイ」,内,E16,,,
ドンペリドン坐剤３０ｍｇ「タカタ」,外,G11,,,
ナウゼリン坐剤３０(３０ｍｇ),外,G11,,,
ドキサゾシン錠１ｍｇ「ＪＧ」,内,E13,,,
ドキサゾシン錠２ｍｇ「ＪＧ」,内,E13,,,
ドキサゾシン錠４ｍｇ「ＪＧ」,内,E13,,,
ドグマチールカプセル５０ｍｇ,内,E13,,,
ドグマチール錠５０ｍｇ,内,E13,,,
ナウゼリン坐剤６０(６０ｍｇ),外,G11,,,
トクレススパンスールカプセル３０ｍｇ,内,E12,,,
トコフェロールニコチン酸エステルカプセル１００ｍｇ「ＮＰ」,内,E13,,,
ナシビン点鼻・点眼液０．０５％,外,D1,,,
トコフェロールニコチン酸エステルカプセル１００ｍｇ「トーワ」,内,E12,,,
トスフロキサシントシル酸塩小児用細粒１５％「明治」(１５０ｍｇ),内,C11,,,
ナジフロキサシンローション１％「トーワ」,外,E7,,,
ドネペジル塩酸塩ＯＤ錠１０ｍｇ「日医工」,内,E16,,,
ドネペジル塩酸塩ＯＤ錠３ｍｇ「日医工」,内,E16,,,
アンペック注１０ｍｇ(１％１ｍＬ),注,E6,,,
ドネペジル塩酸塩ＯＤ錠５ｍｇ「トーワ」,内,,,,
ドネペジル塩酸塩ＯＤ錠５ｍｇ「日医工」,内,E16,,,
ドパコール配合錠Ｌ１００,内,E13,,,
ドパコール配合錠Ｌ５０,内,E13,,,
トビエース錠４ｍｇ,内,E13,,,
ナジフロクリーム１％,外,C7,,,
ナゾネックス点鼻液５０μｇ１１２噴霧用(９ｍｇ１８ｇ),外,E9,,,
トピロリック錠２０ｍｇ,内,E13,,,
トピロリック錠４０ｍｇ,内,E12,,,
ナゾネックス点鼻液５０μｇ５６噴霧用(５ｍｇ１０ｇ),外,E9,,,
ナパゲルンクリーム３％,外,C7,,,
ドプスＯＤ錠１００ｍｇ,内,E13,,,
トミロン細粒小児用２０％(２００ｍｇ),内,E3,,,
トミロン錠１００(１００ｍｇ),内,E13,,,
トラセミド錠４ｍｇ「ＫＯ」,内,E13,,,
ナパゲルンローション３％,外,A2,,,
トラゼンタ錠５ｍｇ,内,E13,,,
トラゾドン塩酸塩錠２５ｍｇ「アメル」,内,E16,,,
ナパゲルン軟膏３％,外,A2,,,
ニゾラールクリーム２％,外,C7,,,
トラネキサム酸カプセル２５０ｍｇ「トーワ」,内,C14,,,
トラネキサム酸錠２５０ｍｇ「ＹＤ」,内,E13,,,
トラネキサム酸錠５００ｍｇ「ＹＤ」,内,E13,,,
ニゾラールローション２％,外,E7,,,
トラベルミン配合錠,内,E13,,,
トラマールＯＤ錠２５ｍｇ,内,E16,,,
トラマールＯＤ錠５０ｍｇ,内,E16,,,
ドラマミン錠５０ｍｇ,内,E12,,,
トラムセット配合錠,内,E13,,,
トランサミンカプセル２５０ｍｇ,内,C14,,,
トランサミン散５０％,内,E3,,,
ニトロールスプレー１．２５ｍｇ(１６３．５ｍｇ１０ｇ),外,,,,
トランサミン錠２５０ｍｇ,内,C14,,,
トリアゾラム錠０．２５ｍｇ「テバ」,内,E19,,,
トリクロルメチアジド錠１ｍｇ「ＮＰ」,内,E13,,,
トリクロルメチアジド錠２ｍｇ「タイヨー」,内,E13,,,
トリプタノール錠１０(１０ｍｇ),内,E13,,,
トリヘキシフェニジル塩酸塩錠２ｍｇ「杏林」,内,,,,
ニトロダームＴＴＳ２５ｍｇ(１０ｃｍ２),外,E5,,,
トリヘキシン錠２ｍｇ,内,E13,,,
トリメブチンマレイン酸塩錠１００ｍｇ「トーワ」,内,,,,
ドンペリドン錠１０ｍｇ「サワイ」,内,E12,,,
ドンペリドン錠５ｍｇ「サワイ」,内,E13,,,
ナウゼリンＯＤ錠１０(１０ｍｇ),内,E20,,,
ナウゼリンドライシロップ１％,内,E3,,,
ナウゼリン錠１０(１０ｍｇ),内,E20,,,
ナトリックス錠１(１ｍｇ),内,E20,,,
ニフラン点眼液０．１％,外,E10,,,
ナフトピジルＯＤ錠２５ｍｇ「日医工」,内,E20,,,
ナフトピジルＯＤ錠７５ｍｇ「日医工」,内,E20,,,
ニュープロパッチ１８ｍｇ,外,E5,,,
フェンタニル注射液０．１ｍｇ「ヤンセン」(０．００５％２ｍＬ),注,E6,,,
ニュープロパッチ４．５ｍｇ,外,E5,,,
ニュープロパッチ９ｍｇ,外,E5,,,
ネオステリングリーンうがい液０．２％,外,G1,,,
ナルフラフィン塩酸塩ＯＤ錠２．５μｇ「サワイ」,内,E17,,,
ニコチン酸アミド散１０％「ゾンネ」,内,E3,,,
ニコランジル錠２．５ｍｇ「サワイ」,内,E20,,,
ネオメドロールＥＥ軟膏,外,C7,,,
ニコランジル錠５ｍｇ「サワイ」,内,E20,,,
ネバナック懸濁性点眼液０．１％,外,E10,,,
ネリゾナソリューション０．１％,外,C7,,,
ニコランジル錠５ｍｇ「日医工」,内,E20,,,
ニセルゴリン錠５ｍｇ「日医工」,内,E20,,,
ニトラゼパム錠５ｍｇ「トーワ」,内,E19,,,
ネリゾナユニバーサルクリーム０．１％,外,C6,,,
ニトロールＲカプセル２０ｍｇ,内,E20,,,
ニトロペン舌下錠０．３ｍｇ,内,E17,,,
ニフェジピンＣＲ錠１０ｍｇ「日医工」,内,E17,,,
ネリゾナ軟膏０．１％,外,C6,,,
ニフェジピンＣＲ錠２０ｍｇ「日医工」,内,E17,,,
ニフェジピンＣＲ錠４０ｍｇ「日医工」,内,E17,,,
ニフラン錠７５ｍｇ,内,E17,,,
ニポラジン小児用細粒０．６％,内,E3,,,
ネリプロクト坐剤,外,G11,,,
ニポラジン錠３ｍｇ,内,C15,,,
ニューレプチル錠５ｍｇ,内,E20,,,
ニューロタン錠２５ｍｇ,内,E20,,,
ネリプロクト軟膏,外,G11,,,
ネオマレルミンＴＲ錠６ｍｇ,内,E20,,,
ネキシウムカプセル１０ｍｇ,内,E20,,,
ノルフロキサシン点眼液０．３％「わかもと」,外,E10,,,
パスタロンクリーム１０％,外,,,,
ネキシウムカプセル２０ｍｇ,内,E20,,,
パスタロンソフト軟膏１０％,外,C9,,,
ネシーナ錠１２．５ｍｇ,内,E20,,,
パスタロンソフト軟膏２０％,外,C8,,,
大塚生食注(１００ｍＬ),注,A3,,,
パスタロンローション１０％,外,A2,,,
ネシーナ錠２５ｍｇ,内,E20,,,
パタノール点眼液０．１％,外,E10,,,
ネドリール錠１２５ｍｇ,内,C16,,,
ハップスターＩＤ７０ｍｇ(１０ｃｍ×１４ｃｍ),外,G3,,,
ノイキノン錠１０ｍｇ,内,E20,,,
ノイロトロピン錠４単位,内,E20,,,
バラマイシン軟膏(（ＢＴＲＣ２５０単位ＦＲＭ２ｍｇ）),外,C5,,,
ノイロビタン配合錠,内,A5,,,
ノバミン錠５ｍｇ,内,E20,,,
ノルバスク錠２．５ｍｇ,内,E17,,,
パルデスローション０．０５％,外,C1,,,
ノルバスク錠５ｍｇ,内,E17,,,
ハーフジゴキシンＫＹ錠０．１２５(０．１２５ｍｇ),内,E17,,,
バイアスピリン錠１００ｍｇ,内,A5,,,
パルミコート２００μｇタービュヘイラー１１２吸入(２２．４ｍｇ),外,E9,,,
ハイシー顆粒２５％,内,E3,,,
パルミコート吸入液０．２５ｍｇ(２ｍＬ),外,E9,,,
ハイチオール錠４０(４０ｍｇ),内,A5,,,
ハイチオール錠８０(８０ｍｇ),内,A5,,,
パルミコート吸入液０．５ｍｇ(２ｍＬ),外,E9,,,
ヒアルロン酸Ｎａ点眼液０．１％「日新」(５ｍＬ),外,E10,,,
ハイペン錠２００ｍｇ,内,E17,,,
ハイボン錠２０ｍｇ,内,C12,,,
パキシル錠１０ｍｇ,内,E17,,,
パキシル錠２０ｍｇ,内,E17,,,
バクタ配合錠,内,E20,,,
バクタ配合顆粒,内,E3,,,
ヒアルロン酸ナトリウムＰＦ点眼液０．１％「日点」(５ｍＬ),外,E10,,,
バクトラミン配合錠,内,E20,,,
バスタレルＦ錠３ｍｇ,内,,,,
バゼドキシフェン錠２０ｍｇ「サワイ」,内,,,,
ヒアレインミニ点眼液０．３％(０．４ｍＬ),外,C21,,,
バナンドライシロップ５％(５０ｍｇ),内,E3,,,
バナン錠１００ｍｇ,内,E20,,,
バファリン配合錠Ａ３３０(３３０ｍｇ),内,E20,,,
バファリン配合錠Ａ８１(８１ｍｇ),内,C20,,,
バラクルード錠０．５ｍｇ,内,E17,,,
バラシクロビル錠５００ｍｇ「ＤＳＥＰ」,内,C12,,,
ヒアレイン点眼液０．１％(５ｍＬ),外,E10,,,
ヒアレイン点眼液０．３％(５ｍＬ),外,E10,,,
ヒアロンサン点眼液０．１％(５ｍＬ),外,E10,,,
バリキサ錠４５０ｍｇ,内,E2,,,
ヒアロンサン点眼液０．３％(５ｍＬ),外,E10,,,
バルサルタンＯＤ錠４０ｍｇ「トーワ」,内,E20,,,
バルサルタン錠１６０ｍｇ「サンド」,内,E20,,,
バルサルタン錠８０ｍｇ「トーワ」,内,E20,,,
ハルシオン０．２５ｍｇ錠,内,E19,,,
ビーソフテンクリーム０．３％,外,G9,,,
バルトレックス錠５００(５００ｍｇ),内,E20,,,
ビーソフテンローション０．３％,外,G9,,,
バルトレックス顆粒５０％,内,C11,,,
ハルナールＤ錠０．２ｍｇ,内,E20,,,
バルプロ酸Ｎａ徐放Ｂ錠１００ｍｇ「トーワ」,内,E20,,,
バルプロ酸Ｎａ徐放Ｂ錠２００ｍｇ「トーワ」,内,E20,,,
バルプロ酸ナトリウムシロップ５％「日医工」,内,E3,,,
バルプロ酸ナトリウム細粒４０％「ＥＭＥＣ」,内,C10,,,
バルプロ酸ナトリウム徐放錠Ａ１００ｍｇ「トーワ」,内,,,,
バルプロ酸ナトリウム徐放錠Ａ２００ｍｇ「トーワ」,内,,,,
バルプロ酸ナトリウム錠１００ｍｇ「アメル」,内,E20,,,
バレリンシロップ５％,内,D3,,,
バレリン錠２００ｍｇ,内,E20,,,
パロキセチン錠２０ｍｇ「ＤＳＥＰ」,内,E17,,,
ハロペリドール錠１．５ｍｇ「ＪＧ」,内,E17,,,
ハロペリドール錠３ｍｇ「ＪＧ」,内,E17,,,
パンテチン細粒２０％「ＫＮ」,内,C10,,,
パンテチン錠１００ｍｇ「ＹＤ」,内,E20,,,
ビ・シフロール錠０．１２５ｍｇ,内,E17,,,
ピーエイ配合錠,内,E20,,,
ビソノテープ４ｍｇ,外,E5,,,
ビソノテープ８ｍｇ,外,E5,,,
ヒルドイドクリーム０．３％,外,C3,,,
ピオグリタゾン錠３０ｍｇ「ＤＳＥＰ」,内,E20,,,
ビオスリー配合ＯＤ錠,内,A5,,,
ビオスリー配合散,内,C10,,,
ビオスリー配合錠,内,A5,,,
ビオフェルミンＲ錠,内,E20,,,
ビオフェルミン錠剤,内,A5,,,
ヒルドイドソフト軟膏０．３％,外,G9,,,
ヒルドイドフォーム０．３％,外,G9,,,
ビオフェルミン配合散,内,C10,,,
ヒルドイドローション０．３％,外,G9,,,
ピコスルファートＮａ錠２．５ｍｇ「サワイ」,内,E20,,,
ピコスルファートナトリウム内用液０．７５％「ＪＧ」,内,,,,
ピコスルファートナトリウム内用液０．７５％「日医工」,内,D2,,,
ヒスタリジン錠１０ｍｇ,内,E20,,,
ビソプロロールフマル酸塩錠０．６２５ｍｇ「サワイ」,内,,,,
ビソプロロールフマル酸塩錠０．６２５ｍｇ「日医工」,内,E20,,,
ビソプロロールフマル酸塩錠２．５ｍｇ「トーワ」,内,E20,,,
フィブラストスプレー２５０(２５０μｇ（溶解液付）),外,,,,
ビソプロロールフマル酸塩錠２．５ｍｇ「日医工」,内,E20,,,
ビソプロロールフマル酸塩錠５ｍｇ「日医工」,内,E20,,,
ビソルボン錠４ｍｇ,内,E20,,,
フェントステープ０．５ｍｇ,外,E6,,,
ビタノイリンカプセル２５,内,E20,,,
フェントステープ１ｍｇ,外,E6,,,
フェントステープ２ｍｇ,外,E6,,,
フシジンレオ軟膏２％(２０ｍｇ),外,C2,,,
ビタノイリンカプセル５０,内,E20,,,
ピタバスタチンＣａ・ＯＤ錠１ｍｇ「トーワ」,内,E20,,,
ピタバスタチンＣａ錠２ｍｇ「ＥＥ」,内,E20,,,
ビタメジン配合カプセルＢ２５,内,E20,,,
ブテナフィン塩酸塩液１％「トーワ」,外,E7,,,
フランカルボン酸モメタゾンローション０．１％「イワキ」,外,C2,,,
ビタメジン配合カプセルＢ５０,内,E20,,,
フランドルテープ４０ｍｇ,外,E5,,,
ビタメジン配合散,内,C10,,,
プリビナ液０．０５％,外,D4,,,
プリビナ点眼液０．５ｍｇ／ｍＬ(０．０５％),外,E3,,,
ピドキサール錠１０ｍｇ,内,C14,,,
ビビアント錠２０ｍｇ,内,E20,,,
ビプレッソ徐放錠１５０ｍｇ,内,E17,,,
ビフロキシン配合錠,内,,,,
ビムパット錠１００ｍｇ,内,E17,,,
ピモベンダン錠１．２５ｍｇ「ＴＥ」,内,E20,,,
ビラノア錠２０ｍｇ,内,C15,,,
フルオロメトロン０．１％点眼液Ｔ,外,E10,,,
フルコート軟膏０．０２５％,外,C5,,,
フルタイド１００μｇエアゾール６０吸入用(１１．６７ｍｇ７．０ｇ),外,,,,
ピリドキサール錠２０ｍｇ「ツルハラ」,内,E20,,,
ヒルナミン細粒１０％,内,E20,,,
フルティフォーム１２５エアゾール１２０吸入用,外,E9,,,
ヒルナミン錠（２５ｍｇ）,内,E20,,,
ヒルナミン錠（５ｍｇ）,内,E20,,,
ピレスパ錠２００ｍｇ,内,E17,,,
ピレチア錠（２５ｍｇ）,内,E20,,,
ファモチジンＯＤ錠１０ｍｇ「テバ」,内,E21,,,
ファモチジンＯＤ錠２０ｍｇ「テバ」,内,E21,,,
フルナーゼ点鼻液５０μｇ２８噴霧用(２．０４ｍｇ４ｍＬ),外,E9,,,
ファモチジン錠２０ｍｇ「オーハラ」,内,,,,
ファロムドライシロップ小児用１０％(１００ｍｇ),内,C11,,,
ファロム錠１５０ｍｇ,内,E21,,,
ファロム錠２００ｍｇ,内,E21,,,
フィコンパ錠２ｍｇ,内,E21,,,
フルナーゼ点鼻液５０μｇ５６噴霧用(４．０８ｍｇ８ｍＬ),外,,,,
フェキソフェナジン塩酸塩錠３０ｍｇ「トーワ」,内,E21,,,
フェキソフェナジン塩酸塩錠６０ｍｇ「ＳＡＮＩＫ」,内,E11,,,
フェキソフェナジン塩酸塩錠６０ｍｇ「トーワ」,内,E21,,,
フェノバール散１０％,内,E3,,,
フェノバール錠３０ｍｇ,内,E21,,,
フェノフィブラート錠５３．３ｍｇ「武田テバ」,内,E21,,,
フェブリク錠１０ｍｇ,内,E21,,,
フルメタ軟膏(０．１％),外,C2,,,
フェブリク錠２０ｍｇ,内,E21,,,
フェブリク錠４０ｍｇ,内,E21,,,
フルメトロン点眼液０．０２％,外,E10,,,
フルメトロン点眼液０．１％,外,E10,,,
フェルムカプセル１００ｍｇ(鉄１００ｍｇ),内,E21,,,
フェロベリン配合錠,内,E21,,,
フェロミア錠５０ｍｇ(鉄５０ｍｇ),内,E21,,,
フォサマック錠３５ｍｇ,内,E17,,,
フォシーガ錠５ｍｇ,内,E21,,,
フォリアミン錠(５ｍｇ),内,E21,,,
フルルビプロフェンテープ２０ｍｇ「ユートク」(７ｃｍ×１０ｃｍ),外,G3,,,
フスコデ配合錠,内,E21,,,
プレドニン眼軟膏(０．２５％),外,C7,,,
ブスコパン錠１０ｍｇ,内,E21,,,
フロジン外用液５％,外,E4,,,
フスタゾール糖衣錠１０ｍｇ,内,E21,,,
ブドウ糖（扶桑）,内,E3,,,
プラザキサカプセル７５ｍｇ,内,E21,,,
フラジール内服錠２５０ｍｇ,内,E21,,,
ブラダロン錠２００ｍｇ,内,E21,,,
プラノプロフェン錠７５ｍｇ「トーワ」,内,E17,,,
プラバスタチンＮａ塩錠５ｍｇ「タナベ」,内,E21,,,
プロスタンディン軟膏０．００３％,外,C6,,,
プラバスタチンＮａ錠１０ｍｇ「サワイ」,内,E21,,,
プラビックス錠２５ｍｇ,内,E21,,,
プロトピック軟膏０．１％,外,C7,,,
プラビックス錠７５ｍｇ,内,E21,,,
プランルカストＤＳ１０％「ＥＫ」,内,C10,,,
プランルカストカプセル１１２．５ｍｇ「日医工」,内,,,,
プランルカスト錠１１２．５「ＥＫ」(１１２．５ｍｇ),内,E21,,,
プランルカスト錠２２５「ＥＫ」(２２５ｍｇ),内,E21,,,
フリバスＯＤ錠２５ｍｇ,内,,,,
フリバスＯＤ錠７５ｍｇ,内,E21,,,
フリバス錠２５ｍｇ,内,E25,,,
ブロナック点眼液０．１％,外,E10,,,
プリンペランシロップ０．１％,内,D1,,,
プリンペラン錠５(５ｍｇ),内,E21,,,
プロペト,外,C4,,,
フルイトラン錠１ｍｇ,内,E21,,,
フルイトラン錠２ｍｇ,内,E21,,,
プルスマリンＡ３％ＤＳ,内,C10,,,
プルスマリンＡシロップ小児用０．３％,内,D1,,,
ブロムヘキシン塩酸塩吸入液０．２％「タイヨー」,外,D2,,,
ブロメライン軟膏５万単位／ｇ（ジェイドルフ）(５０，０００単位),外,C5,,,
プルゼニド錠１２ｍｇ,内,E21,,,
フルニトラゼパム錠１ｍｇ「ＪＧ」,内,E19,,,
プリンペラン注射液１０ｍｇ(０．５％２ｍＬ),注,G11,,,
フルニトラゼパム錠１ｍｇ「ＴＣＫ」,内,E19,,,
フルニトラゼパム錠２ｍｇ「ＪＧ」,内,E19,,,
プロラノン点眼液０．１％,外,E10,,,
フルニトラゼパム錠２ｍｇ「アメル」,内,E19,,,
フルバスタチン錠３０ｍｇ「サワイ」,内,E21,,,
フルボキサミンマレイン酸塩錠２５ｍｇ「サワイ」,内,E21,,,
ベガモックス点眼液０．５％,外,E10,,,
プレタールＯＤ錠５０ｍｇ,内,E21,,,
プレドニゾロン散「タケダ」１％,内,C10,,,
プレドニゾロン錠「タケダ」５ｍｇ,内,E21,,,
ペキロンクリーム０．５％,外,C6,,,
プレドニゾロン錠１ｍｇ（旭化成）,内,E21,,,
プレドニゾロン錠２．５ｍｇ「ＮＰ」,内,E21,,,
プレドニゾロン錠５ｍｇ（旭化成）,内,E21,,,
プレドニン錠５ｍｇ,内,E21,,,
プログラフカプセル０．５ｍｇ,内,E17,,,
プログラフカプセル１ｍｇ,内,E17,,,
フロセミド細粒４％「ＥＭＥＣ」,内,E3,,,
フロセミド錠１０ｍｇ「ＮＰ」,内,E21,,,
フロセミド錠２０ｍｇ「武田テバ」,内,E21,,,
フロセミド錠４０ｍｇ「テバ」,内,,,,
ベセルナクリーム５％(２５０ｍｇ),外,F,,,
フロセミド錠４０ｍｇ「武田テバ」,内,,,,
ブロチゾラムＯＤ錠０．２５ｍｇ「サワイ」,内,E19,,,
ブロチゾラム錠０．２５ｍｇ「サワイ」,内,E19,,,
ブロナンセリン錠４ｍｇ「アメル」,内,E17,,,
ブロバリン原末,内,C10,,,
プロピベリン塩酸塩錠１０ｍｇ「タナベ」,内,E21,,,
プロピベリン塩酸塩錠２０ｍｇ「タナベ」,内,E21,,,
プロブコール錠２５０ｍｇ「日医工」,内,E21,,,
ベタメタゾン吉草酸エステルクリーム０．１２％「ＹＤ」,外,C6,,,
プロプラノロール塩酸塩錠１０ｍｇ「トーワ」,内,E17,,,
ブロムヘキシン塩酸塩錠４ｍｇ「サワイ」,内,E21,,,
フロモックス錠１００ｍｇ,内,E21,,,
フロリードゲル経口用２％,内,C4,,,
ベタメタゾン酪酸エステルプロピオン酸エステル軟膏０．０５％ＭＹＫ,外,,,,
フロリネフ錠０．１ｍｇ,内,E17,,,
ベイスンＯＤ錠０．２(０．２ｍｇ),内,E22,,,
ベイスンＯＤ錠０．３(０．３ｍｇ),内,E22,,,
ベオーバ錠５０ｍｇ,内,E22,,,
ペオン錠８０(８０ｍｇ),内,E22,,,
ベゲタミン－Ａ配合錠,内,E21,,,
ベサコリン散５％,内,C10,,,
ベタメタゾン酪酸エステルプロピオン酸クリーム０．０５％「ＭＹＫ」,外,C6,,,
ベザフィブラートＳＲ錠２００ｍｇ「サワイ」,内,E21,,,
ファモチジン注射用２０ｍｇ「サワイ」,注,C15,,,
ベシケアＯＤ錠５ｍｇ,内,E22,,,
ベシケア錠２．５ｍｇ,内,E21,,,
ベシケア錠５ｍｇ,内,E22,,,
ベタニス錠２５ｍｇ,内,E17,,,
ベタニス錠５０ｍｇ,内,E17,,,
ベトネベートＮ軟膏,外,C6D,,,
ベタヒスチンメシル酸塩錠１２ｍｇ「ＣＥＯ」,内,E21,,,
ベタヒスチンメシル酸塩錠６ｍｇ「ＣＥＯ」,内,E22,,,
ベタメタゾン錠０．５ｍｇ「サワイ」,内,E22,,,
ベニジピン塩酸塩錠４ｍｇ「ＣＨ」,内,,,,
ベトノバールＧクリーム０．１２％,外,G11,,,
ベネシッド錠２５０ｍｇ,内,,,,
ベネット錠７５ｍｇ,内,E17,,,
ベトノバールＧ軟膏０．１２％,外,G11,,,
ベポタスチンベシル酸塩ＯＤ錠１０ｍｇ「タナベ」,内,E11,,,
ベポタスチンベシル酸塩ＯＤ錠５ｍｇ「タナベ」,内,,,,
ベポタスチンベシル酸塩錠１０ｍｇ「タナベ」,内,E11,,,
ベネトリン吸入液０．５％,外,D1,,,
ベポタスチンベシル酸塩錠５ｍｇ「タナベ」,内,E11,,,
ベラパミル塩酸塩錠４０ｍｇ「ＪＧ」,内,E22,,,
ベラパミル塩酸塩錠４０ｍｇ「タイヨー」,内,E22,,,
ベラプロストＮａ錠２０μｇ「サワイ」,内,E17,,,
ペリアクチン錠４ｍｇ,内,E22,,,
ベリチーム配合顆粒,内,C11,,,
ペリンドプリルエルブミン錠４ｍｇ「サワイ」,内,E22,,,
ペルサンチン－Ｌカプセル１５０ｍｇ,内,E22,,,
ヘパリン類似物質外用スプレー０．３％「サトウ」,外,G9,,,
ヘパリン類似物質外用泡状スプレー０．３％「ＰＰ」,外,G9,,,
ヘパリン類似物質外用泡状スプレー０．３％「日本臓器」,外,,,,
ベルソムラ錠１０ｍｇ,内,,,,
ヘパリン類似物質油性クリーム０．３％「日医工」,外,G9,,,
ベピオゲル２．５％,外,F,,,
ベルソムラ錠１５ｍｇ,内,E22,,,
ベルソムラ錠２０ｍｇ,内,E20,,,
ヘモポリゾン軟膏,外,G11,,,
ヘルベッサー錠３０(３０ｍｇ),内,E22,,,
ペロスピロン塩酸塩錠４ｍｇ「アメル」,内,E17,,,
ペンタサ坐剤１ｇ,外,G11,,,
ペンタサ錠５００ｍｇ,内,E2,,,
ペントキシベリンクエン酸塩錠１５ｍｇ「ツルハラ」,内,,,,
ホクナリン錠１ｍｇ,内,E22,,,
ボグリボースＯＤ錠０．２ｍｇ「サワイ」,内,E22,,,
ボグリボースＯＤ錠０．３ｍｇ「ＭＥＥＫ」,内,E22,,,
ボアラ軟膏０．１２％,外,C7,,,
ボグリボースＯＤ錠０．３ｍｇ「トーワ」,内,E22,,,
ボグリボース錠０．３ｍｇ「サワイ」,内,E22,,,
ホスミシンドライシロップ４００(４００ｍｇ),内,E3,,,
ホスミシン錠５００(５００ｍｇ),内,E22,,,
ホスレノールＯＤ錠２５０ｍｇ,内,E22,,,
ボナロン経口ゼリー３５ｍｇ,内,E17,,,
ホクナリンテープ０．５ｍｇ,外,,,,
ホクナリンテープ１ｍｇ,外,,,,
ボナロン錠３５ｍｇ,内,E17,,,
ボノテオ錠５０ｍｇ,内,E17,,,
ホクナリンテープ２ｍｇ,外,E5,,,
ポラプレジンクＯＤ錠７５ｍｇ「サワイ」,内,E22,,,
ポステリザンＦ坐薬,外,F,,,
ポリトーゼカプセル,内,E22,,,
ポリフル錠５００ｍｇ,内,,,,
ポビドンヨードガーグル７％「マイラン」,外,,,,
ボルタレン錠２５ｍｇ,内,E17,,,
マーズレンＳ配合顆粒,内,C11,,,
マイスリー錠１０ｍｇ,内,E19,,,
マイスリー錠５ｍｇ,内,E19,,,
マイテラーゼ錠１０ｍｇ,内,E18,,,
ポビドンヨード含嗽用液７％「ＹＤ」,外,,,,
マグミット錠２５０ｍｇ,内,E14,,,
ボルタレンゲル１％,外,C1,,,
ボルタレンサポ１２．５ｍｇ,外,F,,,
マグミット錠３３０ｍｇ,内,E14,,,
マグミット錠５００ｍｇ,内,E14,,,
ミオナール錠５０ｍｇ,内,E22,,,
ミカムロ配合錠ＡＰ,内,E18,,,
ミカルディス錠２０ｍｇ,内,E22,,,
ボルタレンサポ２５ｍｇ,外,F,,,
ミカルディス錠４０ｍｇ,内,E22,,,
ミグリトールＯＤ錠５０ｍｇ「サワイ」,内,E22,,,
ミグリトールＯＤ錠７５ｍｇ「サワイ」,内,E22,,,
ミコンビ配合錠ＢＰ,内,E22,,,
ボルタレンサポ５０ｍｇ,外,F,,,
ミチグリニドＣａ・ＯＤ錠１０ｍｇ「ＪＧ」,内,E22,,,
ミドドリン塩酸塩錠２ｍｇ「サワイ」,内,E22,,,
ミノサイクリン塩酸塩錠１００ｍｇ「サワイ」,内,E22,,,
ボレー外用液１％,外,E7,,,
ミノサイクリン塩酸塩錠５０ｍｇ「サワイ」,内,E22,,,
ミノドロン酸錠５０ｍｇ「ＪＧ」,内,E18,,,
ミノマイシンカプセル１００ｍｇ,内,C12,,,
ボンアルファハイ軟膏２０μｇ／ｇ(０．００２％),外,C1,,,
ミノマイシンカプセル５０ｍｇ,内,C16,,,
ミノマイシン錠５０ｍｇ,内,E22,,,
ミヤＢＭ細粒,内,A4,,,
ミヤＢＭ錠,内,A6,,,
ボンアルファローション２μｇ／ｇ(０．０００２％),外,E4,,,
ミラペックスＬＡ錠０．３７５ｍｇ,内,E18,,,
マイアロンクリーム０．０５％,外,C5,,,
ミラペックスＬＡ錠１．５ｍｇ,内,E18,,,
ミルタザピンＯＤ錠１５ｍｇ「サワイ」,内,E18,,,
マイアロンローション０．０５％,外,E4,,,
ムコサールドライシロップ１．５％,内,C10,,,
ムコサール錠１５ｍｇ,内,E22,,,
ムコスタ錠１００ｍｇ,内,E22,,,
ムコソルバンＬ錠４５ｍｇ,内,E22,,,
ムコソルバン錠１５ｍｇ,内,E22,,,
マイアロン軟膏０．０５％,外,C5,,,
ムコダイン錠２５０ｍｇ,内,E22,,,
ムコダイン錠５００ｍｇ,内,E22,,,
メイアクトＭＳ錠１００ｍｇ,内,E22,,,
メイラックス錠１ｍｇ,内,E19,,,
マイコスポールクリーム１％,外,C1,,,
メインテート錠５ｍｇ,内,E22,,,
メキシレチン塩酸塩カプセル１００ｍｇ「トーワ」,内,E18,,,
メキタジン錠３ｍｇ「日医工」,内,E22,,,
メコバラミン錠５００μｇ「ＳＷ」(０．５ｍｇ),内,E22,,,
メジコン錠１５ｍｇ,内,E22,,,
メジコン配合シロップ,内,D2,,,
メチコバール錠５００μｇ(０．５ｍｇ),内,C12,,,
メトアナ配合錠ＨＤ,内,E18,,,
メトグルコ錠２５０ｍｇ,内,A6,,,
メトクロプラミド錠５ｍｇ「トーワ」,内,E22,,,
メトトレキサートカプセル２ｍｇ「サンド」,内,E18,,,
メトトレキサート錠２ｍｇ「タナベ」,内,,,,
メトプロロール酒石酸塩錠２０ｍｇ「サワイ」,内,E18,,,
メトホルミン塩酸塩錠２５０ｍｇＭＴ「トーワ」,内,E18,,,
メトホルミン塩酸塩錠５００ｍｇＭＴ「トーワ」,内,E18,,,
メトリジンＤ錠２ｍｇ,内,E22,,,
メトレート錠２ｍｇ,内,E18,,,
マイコスポール外用液１％,外,C1,,,
メネシット配合錠１００,内,E22,,,
メバロチン錠５(５ｍｇ),内,E22,,,
マイザークリーム０．０５％,外,C8,,,
メマリーＯＤ錠１０ｍｇ,内,E18,,,
メマリーＯＤ錠２０ｍｇ,内,E18,,,
メマリーＯＤ錠５ｍｇ,内,E18,,,
メマリー錠１０ｍｇ,内,E18,,,
メマンチン塩酸塩ＯＤ錠１０ｍｇ「ＤＳＥＰ」,内,E18,,,
メマンチン塩酸塩ＯＤ錠２０ｍｇ「ＤＳＥＰ」,内,,,,
メリスロン錠６ｍｇ,内,E22,,,
メルカゾール錠５ｍｇ,内,E22,,,
メロキシカム錠１０ｍｇ「サワイ」,内,,,,
モービック錠１０ｍｇ,内,E18,,,
マイザー軟膏０．０５％,外,C8,,,
モサプリドクエン酸塩錠５ｍｇ「ＡＡ」,内,E22,,,
モニラック・シロップ６５％,内,A5,,,
モビコール配合内用剤(６．８５２３ｇ),内,G1,,,
モンテルカストチュアブル錠５ｍｇ「サワイ」,内,E22,,,
モンテルカスト細粒４ｍｇ「タカタ」,内,E3,,,
モンテルカスト錠１０ｍｇ「ＫＭ」,内,E22,,,
モンテルカスト錠１０ｍｇ「オーハラ」,内,,,,
ユーロジン２ｍｇ錠,内,E19,,,
ユナシン錠３７５ｍｇ,内,E23,,,
ユニフィルＬＡ錠２００ｍｇ,内,E18,,,
ユビデカレノンカプセル１０ｍｇ「杏林」,内,E23,,,
マキサカルシトール軟膏２５μｇ／ｇ「ＰＰ」(０．００２５％),外,C1,,,
ユベラＮカプセル１００ｍｇ,内,E23,,,
ユベラＮソフトカプセル２００ｍｇ,内,E23,,,
マクロゴール軟膏,外,G10,,,
ユベラＮ細粒４０％,内,G11,,,
ムコフィリン吸入液２０％(１７．６２％２ｍＬ),外,E9,,,
メイスパン配合軟膏,外,C1,,,
メサデルムクリーム０．１％,外,C6,,,
メサデルム軟膏０．１％,外,C6,,,
アクテムラ皮下注１６２ｍｇオートインジェクター(０．９ｍＬ),注,F,,,
ユベラ錠５０ｍｇ,内,,,,
ユリーフＯＤ錠４ｍｇ,内,E18,,,
ユリーフ錠４ｍｇ,内,E18,,,
ユリノーム錠２５ｍｇ,内,E18,,,
アピドラ注ソロスター(３００単位),注,,,,
メプチンエアー１０μｇ吸入１００回(０．０１４３％５ｍＬ),外,E9,,,
ユリノーム錠５０ｍｇ,内,E18,,,
ヨーデルＳ糖衣錠－８０(８０ｍｇ),内,E23,,,
ヨーピス内用液０．７５％,内,,,,
メプチンキッドエアー５μｇ吸入１００回(０．０１４３％２．５ｍＬ),外,E9,,,
ヨクイニンエキス錠「コタロー」,内,E23,,,
ラキソベロン錠２．５ｍｇ,内,E23,,,
ラキソベロン内用液０．７５％,内,D2,,,
ラクツロース・シロップ６０％「コーワ」,内,A4,,,
ラクツロース・シロップ６０％分包１０ｍＬ「コーワ」,内,A4,,,
メプチンスイングヘラー１０μｇ吸入１００回(１ｍｇ),外,E9,,,
メプチン吸入液ユニット０．３ｍＬ(０．０１％),外,E9,,,
メプチン吸入液ユニット０．５ｍＬ(０．０１％),外,E9,,,
モーラステープ２０ｍｇ(７ｃｍ×１０ｃｍ),外,G3,,,
イノレット３０Ｒ注(３００単位),注,F,,,
ラコールＮＦ配合経腸用液,内,L2,,,
ラコールＮＦ配合経腸用半固形剤,内,L2,,,
医療用不織布ガーゼ4号　200枚,,,,,
医療カット綿（50g）,,,,,
ラシックス錠１０ｍｇ,内,,,,
インスリン　グラルギンＢＳ注ミリオペン「リリー」(３００単位),注,F,,,
ラシックス錠２０ｍｇ,内,E23,,,
ラシックス錠４０ｍｇ,内,E23,,,
ラスビック錠７５ｍｇ,内,E23,,,
ラックビー微粒Ｎ(１％),内,E3,,,
モーラステープＬ４０ｍｇ(１０ｃｍ×１４ｃｍ),外,G3,,,
モーラスパップ３０ｍｇ(１０ｃｍ×１４ｃｍ),外,G3,,,
ラニラピッド錠０．０５ｍｇ,内,E18,,,
エコガーゼ（300枚入り）,,,,,
ラニラピッド錠０．１ｍｇ,内,E18,,,
ラベプラゾールＮａ塩錠１０ｍｇ「明治」,内,E23,,,
ラロキシフェン塩酸塩錠６０ｍｇ「サワイ」,内,E23,,,
ランソプラゾールＯＤ錠１５ｍｇ「サワイ」,内,,,,
エピナスチン塩酸塩２０ｍｇ錠,,,,,
エラストポアNo.50,,,,,
エラストポアNo.25,,,,,
モーラスパップ６０ｍｇ(２０ｃｍ×１４ｃｍ),外,G3,,,
エルネオパＮＦ１号輸液(１０００ｍＬ),注,,,,
モーラスパップＸＲ１２０ｍｇ(１０ｃｍ×１４ｃｍ),外,G3,,,
エンジョイ小さなハイカロリーゼリーいろいろセット,,,,,
エンブレル皮下注５０ｍｇペン１．０ｍＬ(１ｍＬ),注,F,,,
オーエスワンゼリー,,,,,
OS-1　オーエスワン　170,,,,,
モーラスパップＸＲ２４０ｍｇ(２０ｃｍ×１４ｃｍ),外,G3,,,
オキュバイトプリザービジョン2,,,,,
おくすり飲めたねチアパックいちご味,,,,,
ランソプラゾールＯＤ錠１５ｍｇ「テバ」,内,,,,
ランソプラゾールＯＤ錠１５ｍｇ「トーワ」,内,,,,
ランソプラゾールＯＤ錠１５ｍｇ「日医工」,内,E23,,,
ランソプラゾールＯＤ錠１５ｍｇ「武田テバ」,内,A5,,,
ランソプラゾールＯＤ錠３０ｍｇ「テバ」,内,A5,,,
ランソプラゾールＯＤ錠３０ｍｇ「武田テバ」,内,A5,,,
ランドセン錠０．５ｍｇ,内,E19,,,
オレンシア皮下注１２５ｍｇオートインジェクター１ｍＬ,注,F,,,
リーゼ錠５ｍｇ,内,E19,,,
ユベラ軟膏,外,F,,,
カブレステープU,,,,,
リーナック錠１００(１００ｍｇ),内,E23,,,
リーバクト配合顆粒(４．１５ｇ),内,A4,,,
リーマス錠２００(２００ｍｇ),内,E18,,,
リウマトレックスカプセル２ｍｇ,内,E18,,,
リオベル配合錠ＬＤ,内,E23,,,
ラタノプロスト点眼液０．００５％「ＴＯＡ」,外,E10,,,
キープシルクNo.12,,,,,
リクシアナＯＤ錠１５ｍｇ,内,E23,,,
ラタノプロスト点眼液０．００５％「ＴＹＫ」,外,E10,,,
リクシアナＯＤ錠３０ｍｇ,内,E18,,,
リクシアナＯＤ錠６０ｍｇ,内,E23,,,
リクシアナ錠３０ｍｇ,内,E18,,,
ラミシールクリーム１％,外,C4,,,
ラミシール外用液１％,外,E7,,,
リザベンカプセル１００ｍｇ,内,E23,,,
リスパダール錠１ｍｇ,内,E18,,,
リスペリドン細粒１％「アメル」,内,,,,
リスペリドン錠０．５ｍｇ「ＮＰ」,内,E18,,,
リドメックスコーワクリーム０．３％,外,C2,,,
リドメックスコーワ軟膏０．３％,外,C2,,,
リバスタッチパッチ１８ｍｇ,外,E5,,,
リバスタッチパッチ４．５ｍｇ,外,E5,,,
リバスタッチパッチ９ｍｇ,外,,,,
リスペリドン錠１ｍｇ「アメル」,内,E18,,,
ザガーロカプセル,,E14,,,
サージカルマスクJ（50枚入り）,,,,,
サージフィックス3,,,,,
サージフィックス4,,,,,
サージフィックス5,,,,,
サニーナ薬用スプレー,,,,,
リスペリドン内用液０．５ｍｇ分包ファイザー(０．１％０．５ｍＬ),内,E3,,,
サラヤアルコール含浸綿100包入り,,,,,
リフラップシート５％(５ｃｍ×５ｃｍ),外,G5,,,
リスペリドン内用液１ｍｇ分包「ファイザー」(０．１％１ｍＬ),内,E3,,,
リボスチン点眼液０．０２５％,外,E10,,,
リボスチン点鼻液０．０２５ｍｇ１１２噴霧用(０．０２５％１５ｍＬ),外,E9,,,
リンデロン－ＶＧクリーム０．１２％,外,C3,,,
シルキーポア10cm×10m,,,,,
リスモダンカプセル１００ｍｇ,内,E18,,,
リセドロン酸Ｎａ錠２．５ｍｇ「サワイ」,内,E18,,,
リトドリン塩酸塩錠５ｍｇ「日医工」,内,E23,,,
リパクレオンカプセル１５０ｍｇ,内,,,,
スキナゲートSG25,,,,,
スコッティ　カシミヤ,,,,,
リンデロン－ＶＧローション,外,E4,,,
リンデロン－ＶＧ軟膏０．１２％,外,C3,,,
リンデロン－Ｖクリーム０．１２％,外,C3,,,
リパクレオン顆粒３００ｍｇ分包,内,E3,,,
リバロＯＤ錠１ｍｇ,内,E23,,,
スワブスティックヘキシジンＭサイズ,,,,,
スワブスティックヘキシジンMサイズ,,,,,
スワラブステイックヘキシジンMサイズ,,,,,
リバロ錠１ｍｇ,内,E23,,,
リバロ錠２ｍｇ,内,E23,,,
リピディル錠５３．３ｍｇ,内,E23,,,
リピディル錠８０ｍｇ,内,E23,,,
リピトール錠１０ｍｇ,内,E23,,,
リピトール錠５ｍｇ,内,E23,,,
リンデロン－Ｖローション(０．１２％),外,E4,,,
リファンピシンカプセル１５０ｍｇ「サンド」,内,E23,,,
セレコキシブ錠２００ｍｇ「ファイザー」,,,,,
送料120円,,,,,
ソフトサンティア,,,,,
リフレックス錠１５ｍｇ,内,E18,,,
リボフラビン酪酸エステル錠２０ｍｇ「杏林」,内,E23,,,
リマチル錠１００ｍｇ,内,E23,,,
病院用電子体温計C-205s,,,,,
リマプロストアルファデクス錠５μｇ「サワイ」,内,E23,,,
リマプロストアルファデクス錠５μｇ「日医工」,内,,,,
タンニン酸アルブミン,,,,,
弾力包帯ホワイト5,,,,,
リリカＯＤ錠２５ｍｇ,内,E23,,,
リリカＯＤ錠７５ｍｇ,内,E23,,,
リリカカプセル２５ｍｇ,内,E23,,,
リリカカプセル７５ｍｇ,内,E23,,,
リルゾール錠５０ｍｇ「ＡＡ」,内,,,,
リルテック錠５０(５０ｍｇ),内,E23,,,
リンデロン－Ｖ軟膏０．１２％,外,C3,,,
リンゼス錠０．２５ｍｇ,内,C21,,,
リンデロンシロップ０．０１％,内,D1,,,
デキサート注射液１．６５ｍｇ(０．５ｍＬ),注,,,,
リンデロン坐剤１．０ｍｇ(１ｍｇ),外,G11,,,
リンデロン錠０．５ｍｇ,内,E23,,,
引落し手数料①,,,,,
テスト２,,,,,
テスト,,,,,
テスト用薬(ﾃｽﾄﾖｳﾔｸ),,,,,
鉄コラーゲンウエハース　（18枚入り）,,,,,
リンデロン点眼・点耳・点鼻液０．１％,外,E10,,,
リンデロン点眼液０．０１％,外,E10,,,
ルシドリール錠１００ｍｇ,内,E24,,,
ルセフィ錠２．５ｍｇ,内,E24,,,
ルコナック爪外用液５％,外,E7,,,
ルリコンクリーム１％,外,C4,,,
電子体温計,,,,,
ルセフィ錠５ｍｇ,内,E24,,,
ルネスタ錠１ｍｇ,内,E24,,,
ドネペジル塩酸塩５ｍｇ錠,,,,,
ルネスタ錠２ｍｇ,内,E24,,,
トランスポア　サージカルテープ,,,,,
ルネスタ錠３ｍｇ,内,E24,,,
ルパフィン錠１０ｍｇ,内,E24,,,
ドレッシングテープW（50mm×5m）,,,,,
ルプラック錠４ｍｇ,内,E24,,,
ルボックス錠２５(２５ｍｇ),内,,,,
ルリコン液１％,外,E7,,,
ナフトピジル２５ｍｇ錠,,,,,
ルリコン軟膏１％,外,C4,,,
レキサルティ錠１ｍｇ,内,E18,,,
レキソタン錠１(１ｍｇ),内,E19,,,
のびのびサロンシップ（24枚入）,,,,,
レスタミンコーワクリーム１％,外,E8,,,
バイエッタ皮下注１０μｇペン３００(３００μｇ（１０μｇ）),注,,,,
バイエッタ皮下注５μｇペン３００(３００μｇ（５μｇ）),注,F,,,
バイオティーンオーラルバランスジェル（42ｇ）,,,,,
レキップＣＲ錠２ｍｇ,内,E18,,,
レボカバスチン点眼液０．０２５％「サワイ」,外,E10,,,
レキップＣＲ錠８ｍｇ,内,E18,,,
万年筆型注入器用注射針(標準型),,,,,
万年筆型注入器用注射針(針折防止型),,,,,
万年筆型注入器用注射針(標準型),,,,,
万年筆型注入器用注射針(超微細型),,,,,
レクサプロ錠１０ｍｇ,内,E18,,,
レボフロキサシン点眼液０．５％「ＴＯＡ」,外,E10,,,
パンシロンG（20包）,,,,,
レボフロキサシン点眼液１．５％「杏林」,外,E10,,,
レクチゾール錠２５ｍｇ,内,C15,,,
レザルタス配合錠ＨＤ,内,E24,,,
レスプレン錠２０ｍｇ,内,E24,,,
ビーフリード輸液(５００ｍＬ),注,K8,,,
レパグリニド錠０．２５ｍｇ「サワイ」,内,,,,
ヒューマリンＲ注ミリオペン(３００単位),注,F,,,
ヒューマログ注１００単位／ｍＬ,注,F,,,
レパグリニド錠０．５ｍｇ「サワイ」,内,,,,
レバミピド錠１００ｍｇ「あすか」,内,E24,,,
フィナステリド錠,,E14,,,
レボフロキサシン点眼液１．５％「日新」,外,,,,
レベニンカプセル,内,E24,,,
レベニン散,内,E3,,,
レルベア１００エリプタ３０吸入用,外,E9,,,
レルベア２００エリプタ３０吸入用,外,E9,,,
フォルテオ皮下注キット６００μｇ,注,,,,
プラスモイストP3,,,,,
レベニン錠,内,E24,,,
レボセチリジン塩酸塩錠５ｍｇ「武田テバ」,内,,,,
ロキソニンゲル１％,外,A1,,,
レボチロキシンＮａ錠２５μｇ「サンド」,内,E18,,,
レボチロキシンＮａ錠５０μｇ「サンド」,内,E18,,,
ロキソニンテープ１００ｍｇ(１０ｃｍ×１４ｃｍ),外,G5,,,
ロキソニンテープ５０ｍｇ(７ｃｍ×１０ｃｍ),外,G5,,,
レボトミン錠２５ｍｇ,内,E24,,,
レボトミン錠５ｍｇ,内,E24,,,
ロキソプロフェンＮａテープ１００ｍｇ「トーワ」(１０×１４ｃｍ),外,G5,,,
ロキソプロフェンＮａテープ１００ｍｇ「科研」(１０ｃｍ×１４ｃｍ),外,,,,
プレドニゾロン錠(５ｍｇ),,,,,
プレドニゾロン錠(２．５ｍｇ),,,,,
レボフロキサシンＯＤ錠２５０ｍｇトーワ（レボフロキサシンとして）,内,E24,,,
レボフロキサシン錠５００ｍｇ「ＤＳＥＰ」　レボフロキサシンとして,内,C15,,,
レボフロキサシン錠５００ｍｇ「ＭＥＥＫ」　レボフロキサシンとして,内,,,,
レミカットカプセル１ｍｇ,内,E24,,,
ロキソプロフェンＮａテープ５０ｍｇ「トーワ」(７ｃｍ×１０ｃｍ),外,G5,,,
レミッチＯＤ錠２．５μｇ,内,E18,,,
レミニールＯＤ錠１２ｍｇ,内,E18,,,
レミニールＯＤ錠４ｍｇ,内,E18,,,
レミニールＯＤ錠８ｍｇ,内,E18,,,
ペンニードルプラス　32G,,A5,,,
ロキソプロフェンＮａテープ５０ｍｇ「科研」(７ｃｍ×１０ｃｍ),外,,,,
ロキソプロフェンＮａパップ１００ｍｇ「トーワ」(１０×１４ｃｍ),外,G5,,,
レメロン錠１５ｍｇ,内,E18,,,
ロコアテープ(１０ｃｍ×１４ｃｍ),外,G3,,,
レルパックス錠２０ｍｇ,内,E18,,,
ロコイドクリーム０．１％,外,C2,,,
ロコイド軟膏０．１％,外,C2,,,
ワンデュロパッチ０．８４ｍｇ,外,,,,
ワンデュロパッチ１．７ｍｇ,外,E6,,,
マイクロファインプラス31G5ｍｍB-D,,A5,,,
レンドルミンＤ錠０．２５ｍｇ,内,E19,,,
レンドルミン錠０．２５ｍｇ,内,E19,,,
ロイケリン散１０％,内,C10,,,
ミルトン　1000ml,,,,,
明治メイバランスアソートBOX　125ml×3本24本,,,,,
メイバランスソフトJelly200　ヨーグルト味　125ml×24,,,,,
メイバランスブリックゼリー　バナナ味　220g,,,,,
メイバランスブリックゼリー　ストロベリー味　220g,,,,,
メイバランスソフトJelly200　ぶどうヨーグルト味　125ml,,,,,
メイバランスソフトJelly200　ヨーグルト味　125ml,,,,,
滅菌トリーゼ　10枚入り,,,,,
滅菌綿棒No.109H,,,,,
ロカルトロールカプセル０．２５(０．２５μｇ),内,E18,,,
ロキシスロマイシン錠１５０ｍｇ「サワイ」,内,E24,,,
ワンデュロパッチ３．４ｍｇ,外,E6,,,
ロキソニン錠６０ｍｇ,内,C12,,,
ロキソプロフェンＮａ細粒１０％「サワイ」,内,,,,
ロキソプロフェンＮａ錠６０ｍｇ「サワイ」,内,C11,,,
ロキソプロフェンＮａ錠６０ｍｇ「三和」,内,E24,,,
容器代30ｇ,,,,,
ロキソプロフェンナトリウム細粒１０％「日医工」,内,C10,,,
ラジカット点滴静注バッグ３０ｍｇ(１００ｍＬ),注,,,,
ロサルタンＫ錠２５ｍｇ「明治」,内,E24,,,
ロサルタンＫ錠５０ｍｇ「明治」,内,E24,,,
ロスバスタチンＯＤ錠２．５ｍｇ「ＤＳＥＰ」,内,E24,,,
ロスバスタチンＯＤ錠２．５ｍｇ「ＥＥ」,内,,,,
ロスバスタチンＯＤ錠５ｍｇ「ＤＳＥＰ」,内,E24,,,
ロスバスタチン錠２．５ｍｇ「ＤＳＥＰ」,内,E24,,,
ランタス注ソロスター(３００単位),注,F,,,
ロスバスタチン錠５ｍｇ「杏林」,内,,,,
ロゼレム錠８ｍｇ,内,E24,,,
ロトリガ粒状カプセル２ｇ,内,E25,,,
ロフラゼプ酸エチル錠１ｍｇ「トーワ」,内,E19,,,
亜鉛華（１０％）単軟膏シオエ,外,,,,
ロペミンカプセル１ｍｇ,内,E24,,,
ロペミン細粒０．１％,内,C10,,,
ロペミン小児用細粒０．０５％,内,C10,,,
ロペラミド塩酸塩カプセル１ｍｇ「ＪＧ」,内,E24,,,
ロペラミド錠１ｍｇ「ＥＭＥＣ」,内,E24,,,
レターパックライト,,,,,
ロラゼパム錠０．５ｍｇ「サワイ」,内,E19,,,
ロラタジンＯＤ錠１０ｍｇ「ＡＡ」,内,E24,,,
ロルカム錠４ｍｇ,内,,,,
ワーファリン錠０．５ｍｇ,内,E24,,,
亜鉛華軟膏「ホエイ」,外,E8,,,
ワーファリン錠１ｍｇ,内,E24,,,
亜鉛華軟膏「日医工」,外,,,,
ワイドシリン細粒２０％(２００ｍｇ),内,,,,
塩化ナトリウム（山善）,外,C11,,,
ワソラン錠４０ｍｇ,内,E24,,,
ワントラム錠１００ｍｇ,内,E18,,,
一硝酸イソソルビド錠２０ｍｇ「サワイ」,内,C19,,,
塩酸ベニジピン錠２「ＮＰ」(２ｍｇ),内,E17,,,
塩酸ベニジピン錠４「ＮＰ」(４ｍｇ),内,E17,,,
ナノパスニードル 33G/5mm(テルモ),,A5,,,
バイアグラ錠(50mm),,E14,,,
バイアグラ錠(25mm),,E14,,,
プロペシア錠,,E14,,,
ペンニードル 32G テーパー/6mm(ノボ),,,,,
ペンニードル 30G/8mm(ノボ),,,,,
ペンニードル 32G テーパー/6mm(ノボ),,,,,
ペンニードルプラス　32G,,A5,,,
マイクロファインプラス 32G/4mm(日本BD),,,,,
マイクロファインプラス 31G/5mm(日本BD),,,,,
マイクファインプラス 31G/8mm(日本BD),,,,,
マイクロファインプラス 32G/4mm(日本BD),,,,,
塩酸テルビナフィンクリーム１％「マイラン」,外,C5,,,
塩酸リルマザホン錠１「ＭＥＥＫ」(１ｍｇ),内,E23,,,
含嗽用ハチアズレ顆粒(０．１％),外,C5,,,
塩酸リルマザホン錠２「ＭＥＥＫ」(２ｍｇ),内,E23,,,
紙バン,,,,,
球形吸着炭細粒分包２ｇ「日医工」,内,A5,,,
三和真武湯エキス細粒,内,A3,,,
酸化マグネシウム細粒８３％「ヨシダ」,内,C10,,,
重質酸化マグネシウム「ホエイ」,内,C10,,,
アイソトニックゼリー（150ml）,,,,,
眼・耳科用リンデロンＡ軟膏,外,C7,,,
強力ポステリザン（軟膏）,外,G11,,,
硝酸イソソルビドテープ４０ｍｇ「ＥＭＥＣ」,外,E5,,,
重曹「ホエイ」,内,C10,,,
医療カット綿（50g）,,,,,
重曹錠５００ｍｇ「マイラン」,内,C17,,,
硝酸イソソルビド徐放錠２０ｍｇ「サワイ」,内,C19,,,
炭酸リチウム錠１００ｍｇ「アメル」,内,E16,,,
滅菌精製水180,,,,,
新レシカルボン坐剤,外,F,,,
人工涙液マイティア点眼液(５ｍＬ),外,E10,,,
引き落し手数料（165）,,,,,
点眼・点鼻用リンデロンＡ液,外,F,,,
炭酸リチウム錠２００ｍｇ「アメル」,内,E16,,,
尿素クリーム１０％「日医工」,外,,,,
弾力包帯ホワイト10,,,,,
炭酸水素ナトリウム「ケンエー」,内,,,,
ニプロ吸入カテーテルNSCSP-12（TA2）CS10本入,,,,,
フマキラーA　Wジェット　450ml,,,,,
白色ワセリン「ケンエー」,外,E8,,,
調剤用パンビタン末,内,E3,,,
大塚生食注(５００ｍＬ),注,I2,,,
沈降炭酸カルシウム錠５００ｍｇ「三和」,内,E11,,,
泡サニーナ　70ｇ,,,,,
OS-1　オーエスエワン　190,,,,,
ハイゼガーゼ,,,,,
オブラート袋型,,,,,
コンプリネットプロ（ストッキングタイプ）,,,,,
ミルトン　1000ml,,,,,
さくら清浄綿,,,,,
コラージュフルフル泡せっけん 150ml,,,,,
滅菌エアー尺角ガーゼ4折,,,,,
滅菌トレーガーゼ,,,,,
滅菌精製水「ケンエー」,外,D2,,,
エンジョイクリミール　（いろいろセット24パック入り）,,,,,
プリザービジョン2　OCV　90粒,,,,,
ドレッシングテープW（100mm×5m）,,,,,
引き落し手数料②,,,,,
生理食塩液(２０ｍＬ),,,,,
乳糖「ホエイ」,内,C10,,,
